,,,,,销售收款明细表,,,,
编制单位:fengchao   起始日期：2018-04-01 终止日期：2019-01-24   数据过滤条件:        ,,,,,,,,,
收款类型,开单日期,单据编号,收款方式,收款帐户,票号,预收金额,应收金额,折扣金额,实收金额
万进腾商贸有限公司,,10001,,,,,,,
预收款,2018-5-9,XS-000-2018-05-09-0001,转账,三峡银行,,11500, , ,11500
预收款,2018-5-13,XS-000-2018-05-13-0001,转账,其他,,72450, , ,72450
预收款,2018-5-21,XS-000-2018-05-21-0002,转账,三峡银行,,1480, , ,1480
预收款,2018-6-11,XS-000-2018-06-11-0001,转账,农业银行,,4375, , ,4375
预收款,2018-6-11,XS-000-2018-06-11-0002,转账,农业银行,,2170, , ,2170
预收款,2018-6-19,XS-000-2018-06-19-0008,转账,农业银行,,2580, , ,2580
预收款,2018-6-21,XS-000-2018-06-21-0001,转账,农业银行,,1445, , ,1445
预收款,2018-6-27,XS-000-2018-06-27-0001,转账,农业银行,,2150, , ,2150
预收款,2018-7-2,XS-000-2018-07-02-0004,转账,农业银行,,950, , ,950
预收款,2018-7-2,XS-000-2018-07-02-0005,转账,农业银行,,1715, , ,1715
预收款,2018-7-9,XS-000-2018-07-09-0001,转账,农业银行,,4720, , ,4720
预收款,2018-7-9,XS-000-2018-07-09-0002,转账,农业银行,,1737, , ,1737
预收款,2018-7-9,XS-000-2018-07-09-0003,转账,农业银行,,3908, , ,3908
预收款,2018-7-16,XS-000-2018-07-16-0006,转账,农业银行,,1060, , ,1060
预收款,2018-7-17,XS-000-2018-07-17-0002,转账,农业银行,,1430, , ,1430
预收款,2018-7-23,XS-000-2018-07-23-0004,转账,农业银行,,6800, , ,6800
预收款,2018-7-24,XS-000-2018-07-24-0002,转账,农业银行,,7124, , ,7124
预收款,2018-7-30,XS-000-2018-07-30-0007,转账,农业银行,,850, , ,850
预收款,2018-8-9,XS-000-2018-08-09-0001,转账,农业银行,,1455, , ,1455
预收款,2018-8-13,XS-000-2018-08-13-0001,转账,农业银行,,6526, , ,6526
预收款,2018-8-13,XS-000-2018-08-13-0003,转账,农业银行,,1430, , ,1430
预收款,2018-8-14,XS-000-2018-08-14-0007,转账,农业银行,,2530, , ,2530
预收款,2018-8-17,XS-000-2018-08-17-0003,转账,农业银行,,1916, , ,1916
预收款,2018-8-18,XS-000-2018-08-18-0002,转账,农业银行,,1058, , ,1058
预收款,2018-8-22,XS-000-2018-08-22-0004,转账,农业银行,,1450, , ,1450
预收款,2018-8-26,XS-000-2018-08-26-0012,转账,农业银行,,1445, , ,1445
预收款,2018-8-26,XS-000-2018-08-26-0013,转账,农业银行,,1550, , ,1550
预收款,2018-8-31,XS-000-2018-08-31-0002,转账,农业银行,,2440, , ,2440
预收款,2018-9-4,XS-000-2018-09-04-0004,转账,农业银行,,740, , ,740
预收款,2018-9-7,XS-000-2018-09-07-0004,转账,农业银行,,3032, , ,3032
预收款,2018-9-9,XS-000-2018-09-09-0002,转账,农业银行,,8400, , ,8400
预收款,2018-9-21,XS-000-2018-09-21-0001,转账,农业银行,,7320, , ,7320
预收款,2018-9-21,XS-000-2018-09-21-0003,转账,农业银行,,762, , ,762
预收款,2018-9-22,XS-000-2018-09-22-0001,转账,农业银行,,1526, , ,1526
预收款,2018-9-29,XS-000-2018-09-29-0005,转账,农业银行,,1455, , ,1455
预收款,2018-10-2,XS-000-2018-10-02-0001,转账,农业银行,,1100, , ,1100
预收款,2018-10-9,XS-000-2018-10-09-0002,转账,农业银行,,5790, , ,5790
预收款,2018-10-9,XS-000-2018-10-09-0003,转账,农业银行,,2808, , ,2808
预收款,2018-10-23,XS-000-2018-10-23-0010,转账,农业银行,,3908, , ,3908
预收款,2018-10-27,XS-000-2018-10-27-0003,转账,农业银行,,6104, , ,6104
预收款,2018-10-31,XS-000-2018-10-31-0006,转账,农业银行,,1546, , ,1546
预收款,2018-11-24,XS-000-2018-11-24-0001,转账,农业银行,,1894, , ,1894
预收款,2018-12-12,XS-000-2018-12-12-0004,转账,农业银行,,5790, , ,5790
预收款,2018-12-21,XS-000-2018-12-21-0001,转账,农业银行,,3114, , ,3114
预收款,2018-12-21,XS-000-2018-12-21-0002,转账,农业银行,,3052, , ,3052
预收款,2018-12-29,XS-000-2018-12-29-0003,转账,农业银行,,3316, , ,3316
预收款,2019-1-2,XS-000-2019-01-02-0009,转账,农业银行,,958, , ,958
预收款,2019-1-14,XS-000-2019-01-14-0002,转账,农业银行,,1120, , ,1120
预收款,2019-1-16,XS-000-2019-01-16-0002,转账,农业银行,,3195, , ,3195
预收款,2019-1-24,XS-000-2019-01-24-0014,转账,农业银行,,958, , ,958
,,,,,,,,,
大坪售后,,10004,,,,,,,
预收款,2018-5-7,XS-000-2018-05-07-0012,转账,农村商业银行,,1450, , ,1450
预收款,2018-5-9,XS-000-2018-05-09-0003,转账,农村商业银行,,704, , ,704
预收款,2018-5-20,XS-000-2018-05-20-0007,转账,农村商业银行,,3008, , ,3008
预收款,2018-6-6,XS-000-2018-06-06-0004,转账,农村商业银行,,3900, , ,3900
预收款,2018-6-16,XS-000-2018-06-16-0001,转账,农业银行,,1320, , ,1320
预收款,2018-6-24,XS-000-2018-06-24-0005,转账,农村商业银行,,5608, , ,5608
预收款,2018-6-24,XS-000-2018-06-24-0008,转账,其他,,10875, , ,10875
预收款,2018-6-24,XS-000-2018-06-24-0010,转账,农业银行,,2700, , ,2700
预收款,2018-8-11,XS-000-2018-08-11-0007,转账,农业银行,,9700, , ,9700
预收款,2018-8-12,XS-000-2018-08-12-0010,转账,农村商业银行,,3740, , ,3740
预收款,2018-9-11,XS-000-2018-09-11-0002,转账,农业银行,,900, , ,900
预收款,2018-10-9,XS-000-2018-10-09-0005,转账,农业银行,,960, , ,960
预收款,2018-10-23,XS-000-2018-10-23-0009,转账,农业银行,,580, , ,580
预收款,2018-11-5,XS-000-2018-11-05-0001,转账,农村商业银行,,480, , ,480
预收款,2018-12-17,XS-000-2018-12-17-0007,转账,农村商业银行,,1610, , ,1610
预收款,2018-12-24,XS-000-2018-12-24-0009,转账,农业银行,,7800, , ,7800
预收款,2019-1-24,XS-000-2019-01-24-0007,转账,农业银行,,3000, , ,3000
,,,,,,,,,
零散销售,,10005,,,,,,,
预收款,2018-5-7,XS-000-2018-05-07-0006,转账,农村商业银行,,890, , ,890
预收款,2018-5-7,XS-000-2018-05-07-0013,转账,农村商业银行,,1500, , ,1500
预收款,2018-5-9,XS-000-2018-05-09-0002,转账,农村商业银行,,650, , ,650
预收款,2018-5-10,XS-000-2018-05-10-0001,转账,农村商业银行,,1530, , ,1530
预收款,2018-5-10,XS-000-2018-05-10-0002,转账,农业银行,,3400, , ,3400
预收款,2018-5-21,XS-000-2018-05-21-0001,转账,农村商业银行,,1176, , ,1176
预收款,2018-5-21,XS-000-2018-05-21-0003,转账,农村商业银行,,2390, , ,2390
预收款,2018-5-22,XS-000-2018-05-22-0001,转账,农业银行,,200, , ,200
预收款,2018-6-2,XS-000-2018-06-02-0005,转账,农村商业银行,,2500, , ,2500
预收款,2018-6-4,XS-000-2018-06-04-0003,转账,农村商业银行,,1610, , ,1610
预收款,2018-6-6,XS-000-2018-06-06-0002,转账,三峡银行,,2070, , ,2070
预收款,2018-6-10,XS-000-2018-06-10-0002,转账,农业银行,,4000, , ,4000
预收款,2018-6-12,XS-000-2018-06-12-0002,转账,农业银行,,910, , ,910
预收款,2018-6-13,XS-000-2018-06-13-0002,转账,农业银行,,3800, , ,3800
预收款,2018-6-13,XS-000-2018-06-13-0003,转账,农业银行,,2580, , ,2580
预收款,2018-6-15,XS-000-2018-06-15-0001,转账,农业银行,,1150, , ,1150
预收款,2018-6-15,XS-000-2018-06-15-0003,转账,农村商业银行,,2200, , ,2200
预收款,2018-6-19,XS-000-2018-06-19-0003,转账,农业银行,,1600, , ,1600
预收款,2018-6-19,XS-000-2018-06-19-0004,转账,农业银行,,1000, , ,1000
预收款,2018-6-20,XS-000-2018-06-20-0001,转账,农业银行,,1050, , ,1050
预收款,2018-6-21,XS-000-2018-06-21-0002,转账,农业银行,,2550, , ,2550
预收款,2018-6-24,XS-000-2018-06-24-0006,转账,农业银行,,1000, , ,1000
预收款,2018-6-26,XS-000-2018-06-26-0001,转账,农业银行,,800, , ,800
预收款,2018-6-27,XS-000-2018-06-27-0002,转账,农村商业银行,,1050, , ,1050
预收款,2018-6-28,XS-000-2018-06-28-0001,转账,三峡银行,,630, , ,630
预收款,2018-6-29,XS-000-2018-06-29-0003,转账,农业银行,,2300, , ,2300
预收款,2018-6-30,XS-000-2018-06-30-0008,转账,农业银行,,1000, , ,1000
预收款,2018-6-30,XS-000-2018-06-30-0009,转账,农业银行,,1600, , ,1600
预收款,2018-6-30,XS-000-2018-06-30-0010,转账,农业银行,,5000, , ,5000
预收款,2018-6-30,XS-000-2018-06-30-0011,转账,农业银行,,6322, , ,6322
预收款,2018-6-30,XS-000-2018-06-30-0012,转账,农业银行,,740, , ,740
预收款,2018-6-30,XS-000-2018-06-30-0013,转账,其他,,24338, , ,24338
预收款,2018-7-2,XS-000-2018-07-02-0001,转账,农业银行,,2450, , ,2450
预收款,2018-7-4,XS-000-2018-07-04-0004,转账,农业银行,,3520, , ,3520
预收款,2018-7-5,XS-000-2018-07-05-0001,转账,农业银行,,1220, , ,1220
预收款,2018-7-5,XS-000-2018-07-05-0007,转账,农村商业银行,,2270, , ,2270
预收款,2018-7-5,XS-000-2018-07-05-0008,转账,农业银行,,2030, , ,2030
预收款,2018-7-6,XS-000-2018-07-06-0001,转账,农业银行,,1100, , ,1100
预收款,2018-7-6,XS-000-2018-07-06-0002,转账,农业银行,,1000, , ,1000
预收款,2018-7-8,XS-000-2018-07-08-0001,转账,农业银行,,3800, , ,3800
预收款,2018-7-8,XS-000-2018-07-08-0004,转账,农村商业银行,,2730, , ,2730
预收款,2018-7-12,XS-000-2018-07-12-0002,转账,农业银行,,1190, , ,1190
预收款,2018-7-12,XS-000-2018-07-12-0003,转账,农业银行,,1600, , ,1600
预收款,2018-7-16,XS-000-2018-07-16-0007,转账,农业银行,,1200, , ,1200
预收款,2018-7-17,XS-000-2018-07-17-0001,转账,农业银行,,4370, , ,4370
预收款,2018-7-17,XS-000-2018-07-17-0005,转账,农村商业银行,,1221, , ,1221
预收款,2018-7-22,XS-000-2018-07-22-0001,转账,农业银行,,1200, , ,1200
预收款,2018-7-22,XS-000-2018-07-22-0002,转账,农业银行,,1010, , ,1010
预收款,2018-7-24,XS-000-2018-07-24-0001,,农业银行,,4223, , ,4223
预收款,2018-7-24,XS-000-2018-07-24-0006,转账,三峡银行,,1360, , ,1360
预收款,2018-7-26,XS-000-2018-07-26-0001,转账,农业银行,,2700, , ,2700
预收款,2018-7-26,XS-000-2018-07-26-0002,转账,农村商业银行,,1200, , ,1200
预收款,2018-7-30,XS-000-2018-07-30-0005,转账,农业银行,,6040, , ,6040
预收款,2018-7-31,XS-000-2018-07-31-0001,转账,农业银行,,4670, , ,4670
预收款,2018-8-1,XS-000-2018-08-01-0002,转账,农业银行,,1400, , ,1400
预收款,2018-8-2,XS-000-2018-08-02-0002,转账,农业银行,,660, , ,660
预收款,2018-8-3,XS-000-2018-08-03-0001,转账,农业银行,,1270, , ,1270
预收款,2018-8-5,XS-000-2018-08-05-0001,转账,农业银行,,750, , ,750
预收款,2018-8-6,XS-000-2018-08-06-0001,转账,农业银行,,935, , ,935
预收款,2018-8-11,XS-000-2018-08-11-0008,转账,农村商业银行,,1780, , ,1780
预收款,2018-8-13,XS-000-2018-08-13-0007,转账,农业银行,,3520, , ,3520
预收款,2018-8-14,XS-000-2018-08-14-0006,转账,农业银行,,1900, , ,1900
预收款,2018-8-15,XS-000-2018-08-15-0001,转账,农业银行,,814, , ,814
预收款,2018-8-17,XS-000-2018-08-17-0002,,农业银行,,1900, , ,1900
预收款,2018-8-19,XS-000-2018-08-19-0001,,农业银行,,1400, , ,1400
预收款,2018-8-20,XS-000-2018-08-20-0006,转账,农业银行,,1240, , ,1240
预收款,2018-8-22,XS-000-2018-08-22-0003,转账,农业银行,,978, , ,978
预收款,2018-8-23,XS-000-2018-08-23-0001,转账,农村商业银行,,1760, , ,1760
预收款,2018-8-24,XS-000-2018-08-24-0004,转账,农业银行,,673, , ,673
预收款,2018-8-26,XS-000-2018-08-26-0014,转账,农村商业银行,,1200, , ,1200
预收款,2018-8-27,XS-000-2018-08-27-0002,转账,农业银行,,3600, , ,3600
预收款,2018-8-27,XS-000-2018-08-27-0003,转账,农业银行,,980, , ,980
预收款,2018-8-28,XS-000-2018-08-28-0004,转账,农村商业银行,,1400, , ,1400
预收款,2018-8-29,XS-000-2018-08-29-0001,转账,农业银行,,800, , ,800
预收款,2018-8-31,XS-000-2018-08-31-0001,转账,农村商业银行,,1805, , ,1805
预收款,2018-9-1,XS-000-2018-09-01-0003,转账,农业银行,,880, , ,880
预收款,2018-9-4,XS-000-2018-09-04-0003,转账,农业银行,,935, , ,935
预收款,2018-9-4,XS-000-2018-09-04-0007,转账,农业银行,,1900, , ,1900
预收款,2018-9-7,XS-000-2018-09-07-0006,转账,农业银行,,1860, , ,1860
预收款,2018-9-8,XS-000-2018-09-08-0001,转账,农业银行,,1900, , ,1900
预收款,2018-9-8,XS-000-2018-09-08-0003,转账,农业银行,,860, , ,860
预收款,2018-9-8,XS-000-2018-09-08-0005,转账,农业银行,,1200, , ,1200
预收款,2018-9-13,XS-000-2018-09-13-0001,转账,农业银行,,1650, , ,1650
预收款,2018-9-15,XS-000-2018-09-15-0002,转账,农业银行,,1608, , ,1608
预收款,2018-9-20,XS-000-2018-09-20-0001,转账,农业银行,,990, , ,990
预收款,2018-9-20,XS-000-2018-09-20-0007,转账,农业银行,,980, , ,980
预收款,2018-9-22,XS-000-2018-09-22-0003,转账,农村商业银行,,4711, , ,4711
预收款,2018-9-22,XS-000-2018-09-22-0004,转账,农村商业银行,,2599, , ,2599
预收款,2018-9-28,XS-000-2018-09-28-0002,转账,农业银行,,630, , ,630
预收款,2018-9-29,XS-000-2018-09-29-0001,转账,农业银行,,1750, , ,1750
预收款,2018-9-30,XS-000-2018-09-30-0006,转账,农业银行,,1368, , ,1368
预收款,2018-10-6,XS-000-2018-10-06-0004,转账,农业银行,,1900, , ,1900
预收款,2018-10-6,XS-000-2018-10-06-0005,转账,农业银行,,1150, , ,1150
预收款,2018-10-7,XS-000-2018-10-07-0003,转账,农业银行,,1550, , ,1550
预收款,2018-10-7,XS-000-2018-10-07-0006,转账,农业银行,,1200, , ,1200
预收款,2018-10-8,XS-000-2018-10-08-0005,转账,农业银行,,1600, , ,1600
预收款,2018-10-10,XS-000-2018-10-10-0003,转账,农业银行,,1200, , ,1200
预收款,2018-10-10,XS-000-2018-10-10-0004,转账,农业银行,,915, , ,915
预收款,2018-10-11,XS-000-2018-10-11-0003,转账,农业银行,,1200, , ,1200
预收款,2018-10-11,XS-000-2018-10-11-0006,转账,农业银行,,950, , ,950
预收款,2018-10-19,XS-000-2018-10-19-0002,转账,农业银行,,1100, , ,1100
预收款,2018-10-21,XS-000-2018-10-21-0001,转账,农业银行,,1100, , ,1100
预收款,2018-10-22,XS-000-2018-10-22-0004,转账,农业银行,,2300, , ,2300
预收款,2018-10-23,XS-000-2018-10-23-0003,转账,农业银行,,675, , ,675
预收款,2018-10-23,XS-000-2018-10-23-0005,转账,农业银行,,760, , ,760
预收款,2018-10-24,XS-000-2018-10-24-0004,转账,农业银行,,935, , ,935
预收款,2018-10-24,XS-000-2018-10-24-0005,转账,农业银行,,1130, , ,1130
预收款,2018-10-28,XS-000-2018-10-28-0003,转账,农业银行,,1050, , ,1050
预收款,2018-10-29,XS-000-2018-10-29-0004,转账,农村商业银行,,760, , ,760
预收款,2018-10-30,XS-000-2018-10-30-0001,转账,农业银行,,4600, , ,4600
预收款,2018-10-30,XS-000-2018-10-30-0004,转账,农业银行,,890, , ,890
预收款,2018-10-31,XS-000-2018-10-31-0001,转账,农业银行,,4366, , ,4366
预收款,2018-11-2,XS-000-2018-11-02-0001,转账,农业银行,,1100, , ,1100
预收款,2018-11-4,XS-000-2018-11-04-0001,转账,农业银行,,1850, , ,1850
预收款,2018-11-6,XS-000-2018-11-06-0001,转账,农业银行,,1100, , ,1100
预收款,2018-11-12,XS-000-2018-11-12-0005,转账,农业银行,,2200, , ,2200
预收款,2018-11-12,XS-000-2018-11-12-0006,转账,农业银行,,935, , ,935
预收款,2018-11-12,XS-000-2018-11-12-0007,转账,农业银行,,2400, , ,2400
预收款,2018-11-13,XS-000-2018-11-13-0002,转账,农业银行,,1550, , ,1550
预收款,2018-11-15,XS-000-2018-11-15-0001,转账,农业银行,,600, , ,600
预收款,2018-11-15,XS-000-2018-11-15-0002,转账,农业银行,,1600, , ,1600
预收款,2018-11-17,XS-000-2018-11-17-0001,转账,农业银行,,700, , ,700
预收款,2018-11-19,XS-000-2018-11-19-0002,转账,农村商业银行,,1200, , ,1200
预收款,2018-11-19,XS-000-2018-11-19-0003,转账,农业银行,,3052, , ,3052
预收款,2018-11-20,XS-000-2018-11-20-0002,转账,农业银行,,3000, , ,3000
预收款,2018-11-20,XS-000-2018-11-20-0003,转账,农业银行,,1730, , ,1730
预收款,2018-11-24,XS-000-2018-11-24-0002,转账,农业银行,,1790, , ,1790
预收款,2018-11-24,XS-000-2018-11-24-0006,转账,农业银行,,1050, , ,1050
预收款,2018-11-29,XS-000-2018-11-29-0002,转账,农业银行,,900, , ,900
预收款,2018-12-2,XS-000-2018-12-02-0006,转账,农村商业银行,,3556, , ,3556
预收款,2018-12-2,XS-000-2018-12-02-0007,转账,农业银行,,1800, , ,1800
预收款,2018-12-2,XS-000-2018-12-02-0008,转账,农业银行,,799, , ,799
预收款,2018-12-6,XS-000-2018-12-06-0001,转账,农业银行,,1000, , ,1000
预收款,2018-12-7,XS-000-2018-12-07-0005,转账,农业银行,,950, , ,950
预收款,2018-12-7,XS-000-2018-12-07-0006,转账,农业银行,,990, , ,990
预收款,2018-12-7,XS-000-2018-12-07-0008,转账,农业银行,,2150, , ,2150
预收款,2018-12-7,XS-000-2018-12-07-0010,转账,农业银行,,2300, , ,2300
预收款,2018-12-8,XS-000-2018-12-08-0002,转账,农村商业银行,,840, , ,840
预收款,2018-12-9,XS-000-2018-12-09-0009,转账,农业银行,,2100, , ,2100
预收款,2018-12-9,XS-000-2018-12-09-0011,转账,农业银行,,1600, , ,1600
预收款,2018-12-10,XS-000-2018-12-10-0002,转账,农业银行,,2400, , ,2400
预收款,2018-12-10,XS-000-2018-12-10-0005,转账,农业银行,,1600, , ,1600
预收款,2018-12-12,XS-000-2018-12-12-0005,转账,农村商业银行,,1900, , ,1900
预收款,2018-12-12,XS-000-2018-12-12-0006,转账,农业银行,,30, , ,30
预收款,2018-12-13,XS-000-2018-12-13-0001,转账,农村商业银行,,673, , ,673
预收款,2018-12-17,XS-000-2018-12-17-0002,转账,农业银行,,1280, , ,1280
预收款,2018-12-17,XS-000-2018-12-17-0005,转账,农业银行,,2200, , ,2200
预收款,2018-12-17,XS-000-2018-12-17-0008,转账,农业银行,,100, , ,100
预收款,2018-12-18,XS-000-2018-12-18-0005,转账,农业银行,,1440, , ,1440
预收款,2018-12-19,XS-000-2018-12-19-0001,转账,农业银行,,850, , ,850
预收款,2018-12-19,XS-000-2018-12-19-0003,转账,农业银行,,1900, , ,1900
预收款,2018-12-20,XS-000-2018-12-20-0005,转账,农业银行,,1450, , ,1450
预收款,2018-12-22,XS-000-2018-12-22-0001,转账,农业银行,,1900, , ,1900
预收款,2018-12-22,XS-000-2018-12-22-0002,转账,农业银行,,1445, , ,1445
预收款,2018-12-23,XS-000-2018-12-23-0001,转账,农业银行,,1000, , ,1000
预收款,2018-12-24,XS-000-2018-12-24-0008,转账,农业银行,,1300, , ,1300
预收款,2018-12-24,XS-000-2018-12-24-0010,转账,农业银行,,1100, , ,1100
预收款,2018-12-27,XS-000-2018-12-27-0001,转账,农业银行,,5930, , ,5930
预收款,2018-12-27,XS-000-2018-12-27-0005,转账,农业银行,,1100, , ,1100
预收款,2018-12-28,XS-000-2018-12-28-0001,转账,三峡银行,,27000, , ,27000
预收款,2018-12-30,XS-000-2018-12-30-0005,转账,农业银行,,980, , ,980
预收款,2019-1-3,XS-000-2019-01-03-0003,转账,农业银行,,2350, , ,2350
预收款,2019-1-3,XS-000-2019-01-03-0004,转账,农业银行,,600, , ,600
预收款,2019-1-4,XS-000-2019-01-04-0001,转账,农业银行,,850, , ,850
预收款,2019-1-4,XS-000-2019-01-04-0004,转账,农业银行,,1070, , ,1070
预收款,2019-1-7,XS-000-2019-01-07-0003,转账,农业银行,,2270, , ,2270
预收款,2019-1-8,XS-000-2019-01-08-0001,转账,农业银行,,1200, , ,1200
预收款,2019-1-8,XS-000-2019-01-08-0002,转账,农业银行,,1200, , ,1200
预收款,2019-1-13,XS-000-2019-01-13-0001,转账,农业银行,,850, , ,850
预收款,2019-1-19,XS-000-2019-01-19-0001,转账,农业银行,,2310, , ,2310
预收款,2019-1-19,XS-000-2019-01-19-0006,转账,农业银行,,950, , ,950
预收款,2019-1-24,XS-000-2019-01-24-0015,转账,农业银行,,650, , ,650
,,,,,,,,,
李锟-武隆区专卖店-何梅17783326220,,10006,,,,,,,
预收款,2018-5-7,XS-000-2018-05-07-0001,转账,农村商业银行,,1540, , ,1540
预收款,2018-5-7,XS-000-2018-05-07-0002,转账,农村商业银行,,1900, , ,1900
预收款,2018-5-27,XS-000-2018-05-27-0001,转账,农村商业银行,,2090, , ,2090
预收款,2018-6-15,XS-000-2018-06-15-0002,转账,农村商业银行,,10500, , ,10500
预收款,2018-6-25,XS-000-2018-06-25-0001,转账,农村商业银行,,1980, , ,1980
预收款,2018-6-29,XS-000-2018-06-29-0001,转账,农业银行,,30000, , ,30000
预收款,2018-7-30,XS-000-2018-07-30-0001,转账,农村商业银行,,20000, , ,20000
预收款,2018-10-26,XS-000-2018-10-26-0001,转账,农村商业银行,,15000, , ,15000
预收款,2018-11-4,XS-000-2018-11-04-0003,转账,农村商业银行,,5040, , ,5040
预收款,2018-11-9,XS-000-2018-11-09-0001,转账,农村商业银行,,13900, , ,13900
预收款,2018-11-10,XS-000-2018-11-10-0005,转账,农村商业银行,,1320, , ,1320
预收款,2018-11-21,XS-000-2018-11-21-0003,转账,农村商业银行,,7000, , ,7000
预收款,2018-11-25,XS-000-2018-11-25-0003,转账,农村商业银行,,15500, , ,15500
预收款,2018-11-25,XS-000-2018-11-25-0004,转账,农村商业银行,,800, , ,800
预收款,2018-12-1,XS-000-2018-12-01-0005,转账,农村商业银行,,1320, , ,1320
预收款,2019-1-2,XS-000-2019-01-02-0005,转账,农村商业银行,,37250, , ,37250
预收款,2019-1-2,XS-000-2019-01-02-0007,转账,农村商业银行,,1800, , ,1800
预收款,2019-1-2,XS-000-2019-01-02-0008,转账,农村商业银行,,60, , ,60
预收款,2019-1-23,XS-000-2019-01-23-0015,转账,农业银行,,5550, , ,5550
预收款,2019-1-23,XS-000-2019-01-23-0016,转账,农村商业银行,,9500, , ,9500
,,,,,,,,,
李锟-长寿桃花大道-余小群15123037348,,10007,,,,,,,
预收款,2018-5-7,XS-000-2018-05-07-0003,转账,农村商业银行,,1980, , ,1980
预收款,2018-5-17,XS-000-2018-05-17-0001,转账,农村商业银行,,5050, , ,5050
预收款,2018-7-9,XS-000-2018-07-09-0004,转账,农村商业银行,,1750, , ,1750
预收款,2018-7-24,XS-000-2018-07-24-0004,转账,农村商业银行,,980, , ,980
预收款,2018-7-27,XS-000-2018-07-27-0002,,农业银行,,2940, , ,2940
预收款,2018-7-30,XS-000-2018-07-30-0002,转账,农村商业银行,,1960, , ,1960
预收款,2018-9-27,XS-000-2018-09-27-0011,转账,农业银行,,8560, , ,8560
预收款,2018-10-8,XS-000-2018-10-08-0001,转账,农业银行,,1200, , ,1200
预收款,2018-11-18,XS-000-2018-11-18-0001,转账,农业银行,,660, , ,660
预收款,2018-12-16,XS-000-2018-12-16-0003,转账,农业银行,,4500, , ,4500
预收款,2018-12-25,XS-000-2018-12-25-0002,转账,农业银行,,5200, , ,5200
,,,,,,,,,
王海梦-渝北区回兴街道专卖店-张皓月15523325256,,10008,,,,,,,
预收款,2018-5-7,XS-000-2018-05-07-0004,转账,农村商业银行,,1750, , ,1750
预收款,2018-6-10,XS-000-2018-06-10-0001,转账,农村商业银行,,1050, , ,1050
预收款,2018-8-26,XS-000-2018-08-26-0009,转账,农村商业银行,,3150, , ,3150
预收款,2018-9-30,XS-000-2018-09-30-0001,转账,农村商业银行,,1150, , ,1150
预收款,2018-10-16,XS-000-2018-10-16-0001,转账,农村商业银行,,300, , ,300
预收款,2018-10-20,XS-000-2018-10-20-0003,转账,农村商业银行,,6800, , ,6800
预收款,2018-10-21,XS-000-2018-10-21-0002,转账,农村商业银行,,1000, , ,1000
预收款,2018-10-30,XS-000-2018-10-30-0002,转账,农村商业银行,,2100, , ,2100
预收款,2018-11-10,XS-000-2018-11-10-0003,转账,农村商业银行,,2100, , ,2100
预收款,2018-11-16,XS-000-2018-11-16-0005,转账,农村商业银行,,913, , ,913
预收款,2018-11-18,XS-000-2018-11-18-0002,转账,农村商业银行,,2037, , ,2037
预收款,2018-12-11,XS-000-2018-12-11-0001,转账,农村商业银行,,5250, , ,5250
预收款,2018-12-12,XS-000-2018-12-12-0007,转账,农村商业银行,,2300, , ,2300
预收款,2018-12-18,XS-000-2018-12-18-0002,转账,农村商业银行,,2100, , ,2100
预收款,2018-12-22,XS-000-2018-12-22-0003,转账,农村商业银行,,1750, , ,1750
,,,,,,,,,
李锟-南川美大-王乾锋15826211989,,10009,,,,,,,
预收款,2018-10-18,XS-000-2018-10-18-0006,转账,农业银行,,1290, , ,1290
预收款,2018-10-28,XS-000-2018-10-28-0001,转账,农业银行,,1190, , ,1190
预收款,2018-11-10,XS-000-2018-11-10-0004,转账,农业银行,,1750, , ,1750
,,,,,,,,,
定金账户,,1001,,,,,,,
预收款,2018-6-24,XS-000-2018-06-24-0009,转账,农村商业银行,,10000, , ,10000
预收款,2018-8-14,XS-000-2018-08-14-0003,转账,农村商业银行,,5000, , ,5000
预收款,2018-8-14,XS-000-2018-08-14-0004,转账,农业银行,,10000, , ,10000
预收款,2018-9-3,XS-000-2018-09-03-0002,转账,农村商业银行,,10000, , ,10000
预收款,2018-10-10,XS-000-2018-10-10-0002,转账,农业银行,,10000, , ,10000
,,,,,,,,,
王海梦-巴南区华南城-牟华13308336922,,10010,,,,,,,
预收款,2018-10-21,XS-000-2018-10-21-0003,转账,农村商业银行,,30000, , ,30000
,,,,,,,,,
王海梦-南岸区茶园-刘成碧13028393392,,10011,,,,,,,
预收款,2018-5-7,XS-000-2018-05-07-0007,转账,农村商业银行,,1010, , ,1010
,,,,,,,,,
李锟-万盛区专卖店-许中良18223025559,,10012,,,,,,,
预收款,2018-5-7,XS-000-2018-05-07-0008,转账,农村商业银行,,30, , ,30
预收款,2018-5-10,XS-000-2018-05-10-0003,转账,农业银行,,1750, , ,1750
预收款,2018-5-20,XS-000-2018-05-20-0006,转账,农业银行,,4400, , ,4400
预收款,2018-5-29,XS-000-2018-05-29-0004,转账,农业银行,,3500, , ,3500
预收款,2018-7-18,XS-000-2018-07-18-0001,转账,农业银行,,2940, , ,2940
预收款,2018-9-14,XS-000-2018-09-14-0001,转账,农业银行,,2940, , ,2940
预收款,2018-9-20,XS-000-2018-09-20-0005,转账,农业银行,,1550, , ,1550
预收款,2018-10-12,XS-000-2018-10-12-0001,转账,农业银行,,660, , ,660
预收款,2018-10-21,XS-000-2018-10-21-0008,转账,农业银行,,1000, , ,1000
,,,,,,,,,
王海梦-璧山区专卖店-丁应发18996039366,,10013,,,,,,,
预收款,2018-5-7,XS-000-2018-05-07-0009,转账,农村商业银行,,4950, , ,4950
预收款,2018-5-20,XS-000-2018-05-20-0005,转账,农村商业银行,,100000, , ,100000
预收款,2018-6-19,XS-000-2018-06-19-0001,转账,农村商业银行,,2944, , ,2944
预收款,2018-6-25,XS-000-2018-06-25-0002,转账,农村商业银行,,1750, , ,1750
预收款,2018-6-29,XS-000-2018-06-29-0005,转账,农村商业银行,,18000, , ,18000
预收款,2018-7-16,XS-000-2018-07-16-0004,转账,农村商业银行,,2730, , ,2730
预收款,2018-7-17,XS-000-2018-07-17-0004,转账,农村商业银行,,3081, , ,3081
预收款,2018-8-12,XS-000-2018-08-12-0002,转账,农村商业银行,,120000, , ,120000
预收款,2018-8-26,XS-000-2018-08-26-0010,转账,农村商业银行,,21400, , ,21400
预收款,2018-10-10,XS-000-2018-10-10-0005,转账,农村商业银行,,4718, , ,4718
预收款,2018-10-16,XS-000-2018-10-16-0004,转账,农村商业银行,,600, , ,600
预收款,2018-11-19,XS-000-2018-11-19-0001,转账,农村商业银行,,310, , ,310
预收款,2018-12-3,XS-000-2018-12-03-0004,转账,农村商业银行,,50000, , ,50000
预收款,2018-12-24,XS-000-2018-12-24-0004,转账,农村商业银行,,600, , ,600
预收款,2019-1-7,XS-000-2019-01-07-0002,转账,农村商业银行,,950, , ,950
预收款,2019-1-16,XS-000-2019-01-16-0004,转账,农村商业银行,,620, , ,620
,,,,,,,,,
李锟-长寿区-黄友明13368313748,,10014,,,,,,,
预收款,2018-5-7,XS-000-2018-05-07-0010,转账,农村商业银行,,1750, , ,1750
预收款,2018-5-14,XS-000-2018-05-14-0002,转账,农村商业银行,,1750, , ,1750
预收款,2018-7-22,XS-000-2018-07-22-0003,转账,农村商业银行,,980, , ,980
预收款,2018-8-26,XS-000-2018-08-26-0007,转账,农村商业银行,,980, , ,980
预收款,2018-11-6,XS-000-2018-11-06-0002,转账,农村商业银行,,1050, , ,1050
预收款,2019-1-20,XS-000-2019-01-20-0002,转账,农业银行,,3500, , ,3500
,,,,,,,,,
王海梦-江津区白沙镇专卖店-辜世兵18223187788,,10015,,,,,,,
预收款,2018-5-7,XS-000-2018-05-07-0011,转账,农村商业银行,,2970, , ,2970
预收款,2018-5-9,XS-000-2018-05-09-0004,转账,农村商业银行,,2970, , ,2970
预收款,2018-5-28,XS-000-2018-05-28-0001,转账,农村商业银行,,3150, , ,3150
预收款,2018-7-4,XS-000-2018-07-04-0001,转账,农村商业银行,,140, , ,140
预收款,2018-7-4,XS-000-2018-07-04-0002,转账,农村商业银行,,6000, , ,6000
预收款,2018-8-13,XS-000-2018-08-13-0004,转账,农村商业银行,,9900, , ,9900
预收款,2018-9-4,XS-000-2018-09-04-0005,转账,农村商业银行,,2670, , ,2670
预收款,2018-9-8,XS-000-2018-09-08-0002,转账,农村商业银行,,1900, , ,1900
预收款,2018-9-14,XS-000-2018-09-14-0002,转账,农村商业银行,,10500, , ,10500
预收款,2018-9-25,XS-000-2018-09-25-0003,,农村商业银行,,5710, , ,5710
预收款,2018-11-14,XS-000-2018-11-14-0001,转账,农村商业银行,,1180, , ,1180
预收款,2018-11-18,XS-000-2018-11-18-0003,转账,农村商业银行,,1180, , ,1180
预收款,2018-11-24,XS-000-2018-11-24-0005,转账,农村商业银行,,760, , ,760
预收款,2018-12-2,XS-000-2018-12-02-0003,转账,农村商业银行,,760, , ,760
预收款,2018-12-16,XS-000-2018-12-16-0005,转账,农村商业银行,,1940, , ,1940
预收款,2018-12-24,XS-000-2018-12-24-0006,转账,农村商业银行,,1520, , ,1520
,,,,,,,,,
李锟-丰都县龙城华府专卖店-舒正勇17320389351,,10016,,,,,,,
预收款,2018-5-8,XS-000-2018-05-08-0002,转账,农村商业银行,,5000, , ,5000
预收款,2018-5-8,XS-000-2018-05-08-0004,转账,农村商业银行,,7140, , ,7140
预收款,2018-5-14,XS-000-2018-05-14-0001,转账,农村商业银行,,5000, , ,5000
预收款,2018-5-20,XS-000-2018-05-20-0003,转账,农业银行,,1050, , ,1050
,,,,,,,,,
王海梦-九龙坡区西彭镇专卖店-徐老板13883422468,,10017,,,,,,,
预收款,2018-5-7,XS-000-2018-05-07-0005,转账,农村商业银行,,990, , ,990
预收款,2018-5-20,XS-000-2018-05-20-0004,转账,农村商业银行,,990, , ,990
预收款,2018-5-27,XS-000-2018-05-27-0004,转账,农业银行,,4900, , ,4900
预收款,2018-5-27,XS-000-2018-05-27-0006,转账,农村商业银行,,5000, , ,5000
预收款,2018-6-28,XS-000-2018-06-28-0002,转账,农业银行,,9010, , ,9010
预收款,2018-6-30,XS-000-2018-06-30-0004,转账,农业银行,,10000, , ,10000
预收款,2018-8-12,XS-000-2018-08-12-0005,转账,农业银行,,40000, , ,40000
预收款,2018-9-17,XS-000-2018-09-17-0001,转账,农村商业银行,,1310, , ,1310
预收款,2018-9-30,XS-000-2018-09-30-0003,转账,农村商业银行,,300, , ,300
预收款,2018-10-14,XS-000-2018-10-14-0001,转账,农村商业银行,,890, , ,890
预收款,2018-10-20,XS-000-2018-10-20-0005,转账,农村商业银行,,1000, , ,1000
预收款,2018-10-24,XS-000-2018-10-24-0001,转账,农村商业银行,,4500, , ,4500
预收款,2018-11-9,XS-000-2018-11-09-0006,转账,农业银行,,50000, , ,50000
预收款,2018-12-24,XS-000-2018-12-24-0002,转账,农业银行,,20000, , ,20000
预收款,2019-1-19,XS-000-2019-01-19-0004,转账,农业银行,,49919, , ,49919
,,,,,,,,,
李锟-秀山县专卖店-王俊凯18896183679,,10018,,,,,,,
预收款,2018-5-31,XS-000-2018-05-31-0002,转账,农村商业银行,,20000, , ,20000
预收款,2018-6-14,XS-000-2018-06-14-0001,转账,农村商业银行,,12400, , ,12400
预收款,2018-7-4,XS-000-2018-07-04-0005,转账,农村商业银行,,900, , ,900
预收款,2018-8-12,XS-000-2018-08-12-0001,转账,农村商业银行,,50000, , ,50000
预收款,2018-9-25,XS-000-2018-09-25-0002,,农业银行,,27300, , ,27300
预收款,2018-10-12,XS-000-2018-10-12-0002,转账,农业银行,,35690, , ,35690
预收款,2018-11-12,XS-000-2018-11-12-0001,转账,农业银行,,1830, , ,1830
预收款,2018-11-12,XS-000-2018-11-12-0002,转账,农业银行,,2200, , ,2200
预收款,2018-11-19,XS-000-2018-11-19-0005,转账,农业银行,,8750, , ,8750
预收款,2018-11-21,XS-000-2018-11-21-0009,转账,农业银行,,18200, , ,18200
预收款,2018-11-27,XS-000-2018-11-27-0003,转账,农业银行,,6500, , ,6500
预收款,2018-11-30,XS-000-2018-11-30-0001,转账,农业银行,,17000, , ,17000
预收款,2018-12-5,XS-000-2018-12-05-0008,转账,农业银行,,15000, , ,15000
预收款,2018-12-21,XS-000-2018-12-21-0005,转账,农村商业银行,,10500, , ,10500
预收款,2018-12-26,XS-000-2018-12-26-0005,转账,农业银行,,30600, , ,30600
预收款,2019-1-8,XS-000-2019-01-08-0005,转账,农业银行,,16746, , ,16746
预收款,2019-1-23,XS-000-2019-01-23-0021,转账,农业银行,,32150, , ,32150
,,,,,,,,,
李锟-长寿-余卫13350307923,,10019,,,,,,,
预收款,2018-10-18,XS-000-2018-10-18-0003,转账,农村商业银行,,1900, , ,1900
,,,,,,,,,
创新渠道户,,1002,,,,,,,
预收款,2018-7-2,XS-000-2018-07-02-0006,,库存现金,,5000, , ,5000
预收款,2018-7-5,XS-000-2018-07-05-0003,转账,农村商业银行,,13240, , ,13240
预收款,2018-7-24,XS-000-2018-07-24-0007,转账,农村商业银行,,11583, , ,11583
预收款,2018-8-2,XS-000-2018-08-02-0003,转账,农业银行,,5877, , ,5877
预收款,2018-9-9,XS-000-2018-09-09-0001,转账,农村商业银行,,11299, , ,11299
,,,,,,,,,
王海梦-江津区小官山专卖店-聂小敏13648366797,,10020,,,,,,,
预收款,2018-5-13,XS-000-2018-05-13-0002,转账,农村商业银行,,80000, , ,80000
预收款,2018-6-26,XS-000-2018-06-26-0004,转账,农村商业银行,,15770, , ,15770
预收款,2018-7-3,XS-000-2018-07-03-0002,转账,农村商业银行,,780, , ,780
预收款,2018-7-14,XS-000-2018-07-14-0002,转账,农业银行,,4412, , ,4412
预收款,2018-7-14,XS-000-2018-07-14-0003,转账,农业银行,,1520, , ,1520
预收款,2018-8-12,XS-000-2018-08-12-0003,转账,农村商业银行,,100000, , ,100000
预收款,2018-10-11,XS-000-2018-10-11-0002,转账,农村商业银行,,15000, , ,15000
预收款,2018-10-16,XS-000-2018-10-16-0003,转账,农村商业银行,,3000, , ,3000
预收款,2018-11-7,XS-000-2018-11-07-0001,转账,农村商业银行,,20700, , ,20700
预收款,2018-11-21,XS-000-2018-11-21-0008,转账,农村商业银行,,70, , ,70
预收款,2018-11-27,XS-000-2018-11-27-0007,转账,农村商业银行,,60000, , ,60000
预收款,2018-12-9,XS-000-2018-12-09-0007,转账,农村商业银行,,15000, , ,15000
预收款,2018-12-11,XS-000-2018-12-11-0004,转账,农村商业银行,,18050, , ,18050
预收款,2018-12-12,XS-000-2018-12-12-0002,转账,农村商业银行,,14300, , ,14300
预收款,2019-1-5,XS-000-2019-01-05-0001,转账,农村商业银行,,7330, , ,7330
预收款,2019-1-6,XS-000-2019-01-06-0002,转账,农村商业银行,,860, , ,860
预收款,2019-1-7,XS-000-2019-01-07-0001,转账,农村商业银行,,10900, , ,10900
预收款,2019-1-17,XS-000-2019-01-17-0002,转账,农村商业银行,,3800, , ,3800
预收款,2019-1-23,XS-000-2019-01-23-0001,转账,农村商业银行,,12000, , ,12000
预收款,2019-1-23,XS-000-2019-01-23-0002,转账,农村商业银行,,100000, , ,100000
预收款,2019-1-23,XS-000-2019-01-23-0003,转账,农村商业银行,,126130, , ,126130
,,,,,,,,,
李锟-万盛区专卖店-傅建春13370751538,,10023,,,,,,,
预收款,2018-5-16,XS-000-2018-05-16-0001,转账,农业银行,,3800, , ,3800
预收款,2018-6-2,XS-000-2018-06-02-0001,转账,农业银行,,5790, , ,5790
预收款,2018-6-19,XS-000-2018-06-19-0002,转账,农业银行,,1900, , ,1900
预收款,2018-7-19,XS-000-2018-07-19-0001,转账,农业银行,,10600, , ,10600
预收款,2018-8-11,XS-000-2018-08-11-0005,转账,农业银行,,20000, , ,20000
预收款,2018-8-20,XS-000-2018-08-20-0004,转账,农业银行,,1080, , ,1080
预收款,2018-8-26,XS-000-2018-08-26-0001,转账,农业银行,,860, , ,860
预收款,2018-9-27,XS-000-2018-09-27-0008,转账,农业银行,,7000, , ,7000
预收款,2018-10-13,XS-000-2018-10-13-0001,转账,农业银行,,7400, , ,7400
预收款,2018-10-18,XS-000-2018-10-18-0004,转账,农业银行,,1220, , ,1220
预收款,2018-10-24,XS-000-2018-10-24-0002,转账,农业银行,,13500, , ,13500
预收款,2018-12-4,XS-000-2018-12-04-0001,转账,农业银行,,2100, , ,2100
预收款,2018-12-7,XS-000-2018-12-07-0009,转账,农业银行,,25500, , ,25500
预收款,2018-12-11,XS-000-2018-12-11-0002,转账,农业银行,,2300, , ,2300
预收款,2018-12-12,XS-000-2018-12-12-0003,转账,农业银行,,25000, , ,25000
预收款,2018-12-31,XS-000-2018-12-31-0001,转账,农业银行,,45000, , ,45000
,,,,,,,,,
李锟-酉阳县专卖店-黄忠平13996953429,,10024,,,,,,,
预收款,2018-6-4,XS-000-2018-06-04-0002,转账,农业银行,,1299, , ,1299
预收款,2018-6-5,XS-000-2018-06-05-0001,转账,农业银行,,4320, , ,4320
预收款,2018-8-9,XS-000-2018-08-09-0003,转账,农业银行,,30940, , ,30940
预收款,2018-9-20,XS-000-2018-09-20-0003,转账,农业银行,,1080, , ,1080
预收款,2018-9-27,XS-000-2018-09-27-0002,转账,农业银行,,5100, , ,5100
预收款,2018-9-29,XS-000-2018-09-29-0002,转账,农业银行,,370, , ,370
预收款,2018-10-22,XS-000-2018-10-22-0002,转账,农业银行,,1000, , ,1000
预收款,2018-11-3,XS-000-2018-11-03-0003,转账,农业银行,,1000, , ,1000
预收款,2018-12-3,XS-000-2018-12-03-0005,转账,农业银行,,4200, , ,4200
,,,,,,,,,
李锟-黔江区专卖店-吴时权13996970436,,10025,,,,,,,
预收款,2018-5-31,XS-000-2018-05-31-0001,转账,农业银行,,30000, , ,30000
预收款,2018-6-13,XS-000-2018-06-13-0001,转账,农业银行,,770, , ,770
预收款,2018-6-24,XS-000-2018-06-24-0007,转账,农业银行,,23000, , ,23000
预收款,2018-7-30,XS-000-2018-07-30-0004,转账,农业银行,,8850, , ,8850
预收款,2018-9-7,XS-000-2018-09-07-0001,转账,农业银行,,25510, , ,25510
预收款,2018-10-31,XS-000-2018-10-31-0005,转账,农业银行,,18790, , ,18790
预收款,2018-11-16,XS-000-2018-11-16-0001,转账,农业银行,,39000, , ,39000
预收款,2018-11-21,XS-000-2018-11-21-0004,转账,农业银行,,8150, , ,8150
预收款,2019-1-9,XS-000-2019-01-09-0002,转账,农业银行,,19930, , ,19930
预收款,2019-1-14,XS-000-2019-01-14-0001,转账,农业银行,,2012, , ,2012
,,,,,,,,,
李锟-彭水县专卖店-曾林周13594936789,,10026,,,,,,,
预收款,2018-5-23,XS-000-2018-05-23-0001,转账,三峡银行,,133200, , ,133200
预收款,2018-5-29,XS-000-2018-05-29-0001,转账,三峡银行,,22200, , ,22200
预收款,2018-6-21,XS-000-2018-06-21-0003,转账,农村商业银行,,50000, , ,50000
预收款,2018-6-21,XS-000-2018-06-21-0004,转账,农村商业银行,,30000, , ,30000
预收款,2018-6-29,XS-000-2018-06-29-0002,转账,农村商业银行,,40000, , ,40000
预收款,2018-7-9,XS-000-2018-07-09-0005,转账,三峡银行,,8000, , ,8000
预收款,2018-7-12,XS-000-2018-07-12-0001,转账,农村商业银行,,37000, , ,37000
预收款,2018-7-22,XS-000-2018-07-22-0004,转账,农业银行,,3600, , ,3600
预收款,2018-8-12,XS-000-2018-08-12-0014,转账,农村商业银行,,50000, , ,50000
预收款,2018-8-24,XS-000-2018-08-24-0001,转账,农村商业银行,,50000, , ,50000
预收款,2018-9-13,XS-000-2018-09-13-0004,转账,农业银行,,23000, , ,23000
预收款,2018-9-19,XS-000-2018-09-19-0001,转账,农业银行,,7100, , ,7100
预收款,2018-10-9,XS-000-2018-10-09-0004,转账,农业银行,,17000, , ,17000
预收款,2018-10-11,XS-000-2018-10-11-0001,转账,农业银行,,20018, , ,20018
预收款,2018-11-1,XS-000-2018-11-01-0004,转账,农业银行,,4935, , ,4935
预收款,2018-11-16,XS-000-2018-11-16-0006,转账,农业银行,,19644, , ,19644
预收款,2018-11-22,XS-000-2018-11-22-0007,转账,农业银行,,1861, , ,1861
预收款,2018-11-23,XS-000-2018-11-23-0003,转账,农业银行,,1675, , ,1675
预收款,2018-11-28,XS-000-2018-11-28-0003,转账,农业银行,,1974, , ,1974
预收款,2018-12-7,XS-000-2018-12-07-0002,转账,农业银行,,7896, , ,7896
预收款,2018-12-24,XS-000-2018-12-24-0007,转账,农业银行,,8875, , ,8875
预收款,2018-12-29,XS-000-2018-12-29-0004,转账,农业银行,,4136, , ,4136
预收款,2018-12-31,XS-000-2018-12-31-0006,转账,农业银行,,4700, , ,4700
预收款,2019-1-1,XS-000-2019-01-01-0001,转账,农业银行,,808, , ,808
预收款,2019-1-18,XS-000-2019-01-18-0002,转账,农业银行,,3900, , ,3900
预收款,2019-1-23,XS-000-2019-01-23-0004,转账,农业银行,,7114, , ,7114
,,,,,,,,,
李锟-丰都县专卖店-苏正勇17320389351,,10027,,,,,,,
预收款,2018-5-27,XS-000-2018-05-27-0003,转账,农业银行,,4200, , ,4200
预收款,2018-6-6,XS-000-2018-06-06-0003,转账,农业银行,,1050, , ,1050
预收款,2018-6-22,XS-000-2018-06-22-0001,转账,农业银行,,1050, , ,1050
预收款,2018-6-24,XS-000-2018-06-24-0001,转账,农业银行,,1820, , ,1820
预收款,2018-6-24,XS-000-2018-06-24-0004,转账,农业银行,,1050, , ,1050
预收款,2018-7-9,XS-000-2018-07-09-0006,转账,农业银行,,1190, , ,1190
预收款,2018-7-27,XS-000-2018-07-27-0001,转账,农业银行,,5000, , ,5000
预收款,2018-8-5,XS-000-2018-08-05-0002,,农业银行,,1190, , ,1190
预收款,2018-8-7,XS-000-2018-08-07-0003,转账,农业银行,,1190, , ,1190
预收款,2018-8-11,XS-000-2018-08-11-0001,转账,农业银行,,1190, , ,1190
预收款,2018-8-22,XS-000-2018-08-22-0002,转账,农业银行,,1290, , ,1290
预收款,2018-8-30,XS-000-2018-08-30-0001,转账,农业银行,,10500, , ,10500
预收款,2018-9-10,XS-000-2018-09-10-0001,转账,农业银行,,4200, , ,4200
预收款,2018-9-25,XS-000-2018-09-25-0001,,农业银行,,5100, , ,5100
预收款,2018-10-21,XS-000-2018-10-21-0007,转账,农业银行,,1000, , ,1000
预收款,2018-11-10,XS-000-2018-11-10-0001,转账,农业银行,,800, , ,800
预收款,2018-12-29,XS-000-2018-12-29-0002,转账,农业银行,,770, , ,770
预收款,2019-1-3,XS-000-2019-01-03-0005,转账,农业银行,,5250, , ,5250
预收款,2019-1-23,XS-000-2019-01-23-0020,转账,农业银行,,1750, , ,1750
预收款,2019-1-24,XS-000-2019-01-24-0012,转账,农业银行,,2700, , ,2700
,,,,,,,,,
李锟-涪陵专卖店-欧华13896660130,,10028,,,,,,,
预收款,2018-6-12,XS-000-2018-06-12-0001,转账,农业银行,,31500, , ,31500
预收款,2018-7-2,XS-000-2018-07-02-0002,转账,农业银行,,1080, , ,1080
预收款,2018-7-5,XS-000-2018-07-05-0006,转账,农业银行,,1200, , ,1200
预收款,2018-8-1,XS-000-2018-08-01-0001,转账,农业银行,,1420, , ,1420
预收款,2018-8-12,XS-000-2018-08-12-0004,转账,农业银行,,50000, , ,50000
预收款,2018-9-19,XS-000-2018-09-19-0002,转账,农业银行,,1080, , ,1080
预收款,2018-10-23,XS-000-2018-10-23-0007,转账,农业银行,,1000, , ,1000
预收款,2018-11-19,XS-000-2018-11-19-0004,转账,农业银行,,42000, , ,42000
预收款,2018-11-24,XS-000-2018-11-24-0003,转账,农业银行,,19700, , ,19700
预收款,2018-12-5,XS-000-2018-12-05-0002,转账,农业银行,,19300, , ,19300
预收款,2018-12-31,XS-000-2018-12-31-0003,转账,三峡银行,,28806, , ,28806
预收款,2019-1-13,XS-000-2019-01-13-0002,转账,农业银行,,8400, , ,8400
,,,,,,,,,
李锟-合川专卖店-李灵健13399879976,,10029,,,,,,,
预收款,2018-8-12,XS-000-2018-08-12-0009,转账,农村商业银行,,2100, , ,2100
预收款,2018-8-20,XS-000-2018-08-20-0002,转账,农村商业银行,,100000, , ,100000
预收款,2018-9-27,XS-000-2018-09-27-0001,转账,农业银行,,2880, , ,2880
预收款,2018-9-30,XS-000-2018-09-30-0002,转账,农村商业银行,,40000, , ,40000
预收款,2018-10-24,XS-000-2018-10-24-0003,转账,农村商业银行,,1000, , ,1000
预收款,2018-12-4,XS-000-2018-12-04-0005,转账,农村商业银行,,50000, , ,50000
预收款,2018-12-26,XS-000-2018-12-26-0003,转账,农村商业银行,,43120, , ,43120
预收款,2019-1-23,XS-000-2019-01-23-0007,转账,农村商业银行,,20000, , ,20000
,,,,,,,,,
李锟-潼南专卖店-贺健全15923193789,,10030,,,,,,,
预收款,2018-6-4,XS-000-2018-06-04-0001,转账,农业银行,,4050, , ,4050
预收款,2018-6-7,XS-000-2018-06-07-0001,转账,农业银行,,1900, , ,1900
预收款,2018-7-3,XS-000-2018-07-03-0003,转账,农业银行,,5670, , ,5670
预收款,2018-7-23,XS-000-2018-07-23-0003,转账,农业银行,,5000, , ,5000
预收款,2018-7-31,XS-000-2018-07-31-0002,,农业银行,,1900, , ,1900
预收款,2018-8-24,XS-000-2018-08-24-0002,转账,农业银行,,1750, , ,1750
预收款,2018-9-1,XS-000-2018-09-01-0002,转账,农业银行,,1900, , ,1900
预收款,2018-9-4,XS-000-2018-09-04-0006,转账,农业银行,,2880, , ,2880
预收款,2018-9-27,XS-000-2018-09-27-0009,转账,农业银行,,2100, , ,2100
预收款,2018-9-30,XS-000-2018-09-30-0005,转账,农业银行,,7800, , ,7800
预收款,2018-10-20,XS-000-2018-10-20-0001,转账,农业银行,,9340, , ,9340
预收款,2018-11-14,XS-000-2018-11-14-0002,转账,农业银行,,1000, , ,1000
预收款,2018-11-25,XS-000-2018-11-25-0002,转账,农业银行,,13630, , ,13630
预收款,2018-12-6,XS-000-2018-12-06-0004,转账,农业银行,,15000, , ,15000
预收款,2018-12-23,XS-000-2018-12-23-0004,转账,农业银行,,2300, , ,2300
预收款,2019-1-24,XS-000-2019-01-24-0002,转账,农业银行,,7880, , ,7880
,,,,,,,,,
王海梦-九龙坡区曾家镇专卖店-唐勇13983220787,,10031,,,,,,,
预收款,2018-6-30,XS-000-2018-06-30-0005,转账,农村商业银行,,10500, , ,10500
预收款,2018-8-11,XS-000-2018-08-11-0003,转账,农业银行,,50000, , ,50000
预收款,2018-8-24,XS-000-2018-08-24-0005,转账,农业银行,,400, , ,400
预收款,2018-10-19,XS-000-2018-10-19-0001,转账,农业银行,,1320, , ,1320
预收款,2018-10-22,XS-000-2018-10-22-0003,转账,农业银行,,860, , ,860
预收款,2018-11-21,XS-000-2018-11-21-0005,转账,农业银行,,1980, , ,1980
预收款,2018-12-4,XS-000-2018-12-04-0007,转账,农业银行,,6920, , ,6920
预收款,2018-12-24,XS-000-2018-12-24-0001,转账,农业银行,,48500, , ,48500
预收款,2019-1-23,XS-000-2019-01-23-0011,转账,农业银行,,15860, , ,15860
,,,,,,,,,
王海梦-渝中区新华路批发商-郑平13320203551,,10032,,,,,,,
预收款,2018-5-16,XS-000-2018-05-16-0002,转账,农村商业银行,,1750, , ,1750
预收款,2018-5-29,XS-000-2018-05-29-0002,转账,农村商业银行,,890, , ,890
预收款,2018-5-31,XS-000-2018-05-31-0003,转账,农村商业银行,,790, , ,790
预收款,2018-6-19,XS-000-2018-06-19-0007,转账,农村商业银行,,1940, , ,1940
预收款,2018-6-26,XS-000-2018-06-26-0003,转账,农村商业银行,,3500, , ,3500
预收款,2018-7-8,XS-000-2018-07-08-0002,转账,农村商业银行,,1750, , ,1750
预收款,2018-7-18,XS-000-2018-07-18-0002,转账,农村商业银行,,1350, , ,1350
预收款,2018-7-18,XS-000-2018-07-18-0003,转账,农村商业银行,,10, , ,10
预收款,2018-7-24,XS-000-2018-07-24-0003,转账,农村商业银行,,1900, , ,1900
预收款,2018-7-24,XS-000-2018-07-24-0005,转账,农村商业银行,,2700, , ,2700
预收款,2018-8-2,XS-000-2018-08-02-0006,转账,农村商业银行,,860, , ,860
预收款,2018-8-7,XS-000-2018-08-07-0001,转账,农村商业银行,,910, , ,910
预收款,2018-8-7,XS-000-2018-08-07-0004,转账,农村商业银行,,1750, , ,1750
预收款,2018-8-9,XS-000-2018-08-09-0002,转账,农村商业银行,,1800, , ,1800
预收款,2018-8-29,XS-000-2018-08-29-0002,转账,农村商业银行,,1540, , ,1540
预收款,2018-8-29,XS-000-2018-08-29-0003,转账,农村商业银行,,1000, , ,1000
预收款,2018-8-29,XS-000-2018-08-29-0004,转账,农村商业银行,,540, , ,540
预收款,2018-8-29,XS-000-2018-08-29-0005,转账,农村商业银行,,770, , ,770
预收款,2018-9-7,XS-000-2018-09-07-0005,转账,农村商业银行,,860, , ,860
预收款,2018-9-10,XS-000-2018-09-10-0003,转账,农村商业银行,,3850, , ,3850
预收款,2018-10-6,XS-000-2018-10-06-0001,转账,农村商业银行,,18400, , ,18400
预收款,2018-10-7,XS-000-2018-10-07-0005,转账,农村商业银行,,7700, , ,7700
预收款,2018-10-15,XS-000-2018-10-15-0002,转账,农村商业银行,,18300, , ,18300
预收款,2018-10-17,XS-000-2018-10-17-0001,转账,农村商业银行,,20600, , ,20600
预收款,2018-10-18,XS-000-2018-10-18-0001,转账,农村商业银行,,340, , ,340
预收款,2018-10-18,XS-000-2018-10-18-0002,转账,农村商业银行,,3500, , ,3500
预收款,2018-10-23,XS-000-2018-10-23-0001,转账,农村商业银行,,1800, , ,1800
预收款,2018-10-23,XS-000-2018-10-23-0002,转账,农村商业银行,,100, , ,100
预收款,2018-10-29,XS-000-2018-10-29-0003,转账,农村商业银行,,15020, , ,15020
预收款,2018-11-12,XS-000-2018-11-12-0004,转账,农村商业银行,,13400, , ,13400
预收款,2018-11-16,XS-000-2018-11-16-0004,转账,农村商业银行,,6200, , ,6200
预收款,2018-11-21,XS-000-2018-11-21-0001,转账,农村商业银行,,4270, , ,4270
预收款,2018-11-27,XS-000-2018-11-27-0002,转账,三峡银行,,14400, , ,14400
预收款,2018-11-29,XS-000-2018-11-29-0001,转账,三峡银行,,18400, , ,18400
预收款,2018-12-1,XS-000-2018-12-01-0001,转账,农村商业银行,,2100, , ,2100
预收款,2018-12-4,XS-000-2018-12-04-0002,转账,三峡银行,,8200, , ,8200
预收款,2018-12-4,XS-000-2018-12-04-0003,转账,三峡银行,,10500, , ,10500
预收款,2018-12-9,XS-000-2018-12-09-0004,转账,农村商业银行,,400, , ,400
预收款,2018-12-14,XS-000-2018-12-14-0003,转账,三峡银行,,2660, , ,2660
预收款,2018-12-15,XS-000-2018-12-15-0002,转账,农村商业银行,,13800, , ,13800
预收款,2018-12-17,XS-000-2018-12-17-0001,转账,农村商业银行,,3650, , ,3650
预收款,2018-12-20,XS-000-2018-12-20-0001,转账,农村商业银行,,7200, , ,7200
预收款,2018-12-25,XS-000-2018-12-25-0004,转账,农村商业银行,,860, , ,860
预收款,2018-12-27,XS-000-2018-12-27-0002,转账,农村商业银行,,710, , ,710
预收款,2019-1-2,XS-000-2019-01-02-0001,转账,农村商业银行,,14400, , ,14400
预收款,2019-1-2,XS-000-2019-01-02-0002,转账,农村商业银行,,12400, , ,12400
预收款,2019-1-14,XS-000-2019-01-14-0003,转账,农村商业银行,,760, , ,760
预收款,2019-1-16,XS-000-2019-01-16-0003,转账,农村商业银行,,1520, , ,1520
预收款,2019-1-23,XS-000-2019-01-23-0014,转账,农村商业银行,,13160, , ,13160
预收款,2019-1-24,XS-000-2019-01-24-0001,转账,农村商业银行,,41750, , ,41750
,,,,,,,,,
王海梦-永川区专卖店-陶波18623611600,,10033,,,,,,,
预收款,2018-5-16,XS-000-2018-05-16-0003,转账,农村商业银行,,4970, , ,4970
预收款,2018-6-5,XS-000-2018-06-05-0003,转账,农村商业银行,,100000, , ,100000
预收款,2018-8-20,XS-000-2018-08-20-0003,转账,农村商业银行,,11830, , ,11830
预收款,2018-8-24,XS-000-2018-08-24-0003,转账,农村商业银行,,40000, , ,40000
预收款,2018-8-26,XS-000-2018-08-26-0003,转账,农村商业银行,,1080, , ,1080
预收款,2018-8-31,XS-000-2018-08-31-0003,转账,农村商业银行,,10500, , ,10500
预收款,2018-9-5,XS-000-2018-09-05-0002,转账,农村商业银行,,1080, , ,1080
预收款,2018-9-10,XS-000-2018-09-10-0004,转账,农村商业银行,,760, , ,760
预收款,2018-9-29,XS-000-2018-09-29-0003,转账,农村商业银行,,2600, , ,2600
预收款,2018-10-9,XS-000-2018-10-09-0001,转账,农村商业银行,,19700, , ,19700
预收款,2018-10-11,XS-000-2018-10-11-0004,转账,农村商业银行,,1320, , ,1320
预收款,2018-10-13,XS-000-2018-10-13-0002,转账,农村商业银行,,1750, , ,1750
预收款,2018-10-20,XS-000-2018-10-20-0002,转账,农村商业银行,,760, , ,760
预收款,2018-10-21,XS-000-2018-10-21-0006,转账,农业银行,,250, , ,250
预收款,2018-10-29,XS-000-2018-10-29-0001,转账,农村商业银行,,4320, , ,4320
预收款,2018-11-2,XS-000-2018-11-02-0002,转账,农村商业银行,,620, , ,620
预收款,2018-11-10,XS-000-2018-11-10-0006,转账,农村商业银行,,50000, , ,50000
预收款,2018-11-10,XS-000-2018-11-10-0007,转账,农村商业银行,,29500, , ,29500
预收款,2018-11-10,XS-000-2018-11-10-0009,转账,农村商业银行,,1500, , ,1500
预收款,2018-11-15,XS-000-2018-11-15-0004,转账,农村商业银行,,19500, , ,19500
预收款,2018-11-15,XS-000-2018-11-15-0005,转账,农村商业银行,,1250, , ,1250
预收款,2018-11-15,XS-000-2018-11-15-0006,转账,农村商业银行,,850, , ,850
预收款,2018-11-22,XS-000-2018-11-22-0009,转账,农村商业银行,,19590, , ,19590
预收款,2018-11-27,XS-000-2018-11-27-0006,转账,农村商业银行,,660, , ,660
预收款,2018-12-4,XS-000-2018-12-04-0004,转账,农村商业银行,,660, , ,660
预收款,2018-12-6,XS-000-2018-12-06-0003,转账,农村商业银行,,23000, , ,23000
预收款,2018-12-9,XS-000-2018-12-09-0006,转账,农业银行,,9000, , ,9000
预收款,2018-12-18,XS-000-2018-12-18-0003,转账,农村商业银行,,9000, , ,9000
预收款,2018-12-18,XS-000-2018-12-18-0004,转账,农村商业银行,,5250, , ,5250
预收款,2018-12-20,XS-000-2018-12-20-0004,转账,农村商业银行,,760, , ,760
预收款,2018-12-27,XS-000-2018-12-27-0003,转账,农村商业银行,,1320, , ,1320
预收款,2018-12-27,XS-000-2018-12-27-0004,转账,农村商业银行,,10500, , ,10500
预收款,2019-1-4,XS-000-2019-01-04-0002,转账,农村商业银行,,5130, , ,5130
预收款,2019-1-4,XS-000-2019-01-04-0003,转账,农村商业银行,,100, , ,100
预收款,2019-1-13,XS-000-2019-01-13-0003,转账,农村商业银行,,4500, , ,4500
预收款,2019-1-16,XS-000-2019-01-16-0006,转账,农村商业银行,,8640, , ,8640
预收款,2019-1-17,XS-000-2019-01-17-0001,转账,农村商业银行,,3000, , ,3000
预收款,2019-1-23,XS-000-2019-01-23-0008,转账,农村商业银行,,2150, , ,2150
预收款,2019-1-23,XS-000-2019-01-23-0009,转账,农村商业银行,,2280, , ,2280
预收款,2019-1-23,XS-000-2019-01-23-0010,转账,农村商业银行,,630, , ,630
预收款,2019-1-23,XS-000-2019-01-23-0013,转账,农村商业银行,,1750, , ,1750
预收款,2019-1-24,XS-000-2019-01-24-0009,转账,农村商业银行,,9500, , ,9500
,,,,,,,,,
李锟-长寿-陈波13983364973,,10034,,,,,,,
预收款,2018-5-21,XS-000-2018-05-21-0005,转账,农业银行,,13730, , ,13730
预收款,2018-6-10,XS-000-2018-06-10-0003,转账,农村商业银行,,880, , ,880
预收款,2018-8-30,XS-000-2018-08-30-0002,转账,农村商业银行,,2170, , ,2170
预收款,2018-9-25,XS-000-2018-09-25-0004,,农村商业银行,,2300, , ,2300
预收款,2018-9-26,XS-000-2018-09-26-0001,,农村商业银行,,2100, , ,2100
预收款,2018-10-16,XS-000-2018-10-16-0002,,农村商业银行,,880, , ,880
预收款,2018-11-8,XS-000-2018-11-08-0001,转账,农村商业银行,,100, , ,100
预收款,2018-11-8,XS-000-2018-11-08-0002,转账,农村商业银行,,1090, , ,1090
预收款,2018-11-9,XS-000-2018-11-09-0003,转账,农村商业银行,,2380, , ,2380
预收款,2018-11-13,XS-000-2018-11-13-0004,转账,农村商业银行,,1340, , ,1340
预收款,2018-11-22,XS-000-2018-11-22-0001,转账,农村商业银行,,330, , ,330
预收款,2018-11-22,XS-000-2018-11-22-0002,转账,农村商业银行,,10140, , ,10140
预收款,2018-12-3,XS-000-2018-12-03-0003,转账,农村商业银行,,750, , ,750
预收款,2018-12-30,XS-000-2018-12-30-0002,转账,农村商业银行,,11200, , ,11200
,,,,,,,,,
李锟-涪陵区白涛镇专卖店-高勇13983330380,,10035,,,,,,,
预收款,2018-7-16,XS-000-2018-07-16-0001,转账,农业银行,,2860, , ,2860
预收款,2018-8-12,XS-000-2018-08-12-0006,转账,农业银行,,20000, , ,20000
预收款,2018-10-7,XS-000-2018-10-07-0001,转账,农业银行,,5000, , ,5000
预收款,2018-10-23,XS-000-2018-10-23-0006,转账,农业银行,,4000, , ,4000
预收款,2018-10-25,XS-000-2018-10-25-0001,转账,农业银行,,2000, , ,2000
预收款,2018-10-25,XS-000-2018-10-25-0002,转账,农业银行,,2000, , ,2000
预收款,2018-11-22,XS-000-2018-11-22-0005,转账,农业银行,,5000, , ,5000
预收款,2018-11-22,XS-000-2018-11-22-0006,转账,农业银行,,4200, , ,4200
预收款,2018-12-24,XS-000-2018-12-24-0003,转账,农业银行,,45000, , ,45000
预收款,2019-1-23,XS-000-2019-01-23-0006,转账,农业银行,,26000, , ,26000
,,,,,,,,,
王海梦-荣昌区-王梅13996069608,,10036,,,,,,,
预收款,2018-6-7,XS-000-2018-06-07-0003,转账,农村商业银行,,8000, , ,8000
预收款,2018-6-19,XS-000-2018-06-19-0006,转账,农村商业银行,,100400, , ,100400
预收款,2018-8-13,XS-000-2018-08-13-0006,转账,农村商业银行,,1180, , ,1180
预收款,2018-8-26,XS-000-2018-08-26-0011,转账,农村商业银行,,50000, , ,50000
预收款,2018-11-1,XS-000-2018-11-01-0002,转账,农村商业银行,,1000, , ,1000
预收款,2018-11-10,XS-000-2018-11-10-0008,转账,农村商业银行,,29550, , ,29550
预收款,2018-12-5,XS-000-2018-12-05-0010,转账,农村商业银行,,32000, , ,32000
预收款,2018-12-16,XS-000-2018-12-16-0006,转账,农村商业银行,,8760, , ,8760
预收款,2019-1-20,XS-000-2019-01-20-0003,转账,农村商业银行,,50000, , ,50000
预收款,2019-1-20,XS-000-2019-01-20-0004,转账,农村商业银行,,49999, , ,49999
,,,,,,,,,
李锟-南川区水江镇专卖店-郑志刚15023505238,,10037,,,,,,,
预收款,2018-5-17,XS-000-2018-05-17-0002,转账,农业银行,,7600, , ,7600
预收款,2018-6-10,XS-000-2018-06-10-0004,转账,农村商业银行,,830, , ,830
预收款,2018-8-22,XS-000-2018-08-22-0001,转账,农业银行,,1960, , ,1960
预收款,2018-10-21,XS-000-2018-10-21-0004,转账,农业银行,,11300, , ,11300
预收款,2018-10-21,XS-000-2018-10-21-0005,转账,农业银行,,1000, , ,1000
预收款,2018-12-26,XS-000-2018-12-26-0004,转账,农业银行,,20500, , ,20500
预收款,2019-1-2,XS-000-2019-01-02-0004,转账,农业银行,,5100, , ,5100
预收款,2019-1-24,XS-000-2019-01-24-0013,转账,农业银行,,12350, , ,12350
,,,,,,,,,
李锟-綦江专卖店-贺洪伟13594606456,,10038,,,,,,,
预收款,2018-5-17,XS-000-2018-05-17-0003,转账,农村商业银行,,18900, , ,18900
预收款,2018-6-4,XS-000-2018-06-04-0004,转账,农村商业银行,,1050, , ,1050
预收款,2018-6-4,XS-000-2018-06-04-0005,转账,农村商业银行,,30, , ,30
预收款,2018-8-12,XS-000-2018-08-12-0011,转账,农村商业银行,,49900, , ,49900
预收款,2018-8-12,XS-000-2018-08-12-0012,转账,农业银行,,100, , ,100
预收款,2018-8-17,XS-000-2018-08-17-0001,,农业银行,,780, , ,780
预收款,2018-9-22,XS-000-2018-09-22-0002,转账,农村商业银行,,10500, , ,10500
预收款,2018-9-27,XS-000-2018-09-27-0010,转账,农业银行,,10210, , ,10210
预收款,2018-10-29,XS-000-2018-10-29-0002,转账,农村商业银行,,35150, , ,35150
预收款,2018-11-15,XS-000-2018-11-15-0003,转账,农村商业银行,,2400, , ,2400
预收款,2018-11-30,XS-000-2018-11-30-0002,转账,农村商业银行,,10500, , ,10500
预收款,2018-12-1,XS-000-2018-12-01-0002,转账,农村商业银行,,1300, , ,1300
预收款,2018-12-1,XS-000-2018-12-01-0003,转账,农村商业银行,,50, , ,50
预收款,2018-12-8,XS-000-2018-12-08-0001,转账,农村商业银行,,12000, , ,12000
预收款,2018-12-10,XS-000-2018-12-10-0004,转账,农村商业银行,,1200, , ,1200
预收款,2018-12-14,XS-000-2018-12-14-0004,转账,农村商业银行,,3800, , ,3800
预收款,2018-12-17,XS-000-2018-12-17-0004,转账,农村商业银行,,1200, , ,1200
预收款,2018-12-18,XS-000-2018-12-18-0008,转账,农村商业银行,,1050, , ,1050
预收款,2018-12-26,XS-000-2018-12-26-0002,转账,农村商业银行,,48200, , ,48200
,,,,,,,,,
王海梦-北碚专卖店-杨琴13983866670,,10039,,,,,,,
预收款,2018-5-20,XS-000-2018-05-20-0001,转账,农村商业银行,,3800, , ,3800
,,,,,,,,,
李锟-长寿晏家镇散货-李霞15123123247,,10040,,,,,,,
预收款,2018-5-20,XS-000-2018-05-20-0002,转账,农业银行,,3290, , ,3290
预收款,2018-7-14,XS-000-2018-07-14-0001,转账,农业银行,,880, , ,880
预收款,2018-7-23,XS-000-2018-07-23-0001,转账,农业银行,,980, , ,980
预收款,2018-9-7,XS-000-2018-09-07-0003,转账,农业银行,,980, , ,980
预收款,2018-9-11,XS-000-2018-09-11-0001,转账,农业银行,,1190, , ,1190
预收款,2018-10-11,XS-000-2018-10-11-0007,转账,农业银行,,4200, , ,4200
预收款,2018-12-16,XS-000-2018-12-16-0001,转账,农业银行,,990, , ,990
,,,,,,,,,
李锟-南川专卖店-王俊利13908380118,,10041,,,,,,,
预收款,2018-5-21,XS-000-2018-05-21-0004,转账,农村商业银行,,22960, , ,22960
预收款,2018-6-30,XS-000-2018-06-30-0006,转账,农村商业银行,,3300, , ,3300
预收款,2018-7-15,XS-000-2018-07-15-0001,转账,农村商业银行,,1220, , ,1220
预收款,2018-8-2,XS-000-2018-08-02-0001,转账,农业银行,,1900, , ,1900
预收款,2018-8-20,XS-000-2018-08-20-0005,转账,农村商业银行,,2580, , ,2580
预收款,2018-9-25,XS-000-2018-09-25-0005,,农村商业银行,,5100, , ,5100
,,,,,,,,,
李锟-彭水县-刘小文15023985889,,10042,,,,,,,
预收款,2018-5-22,XS-000-2018-05-22-0002,转账,农村商业银行,,1320, , ,1320
预收款,2018-6-2,XS-000-2018-06-02-0003,转账,农村商业银行,,1710, , ,1710
预收款,2018-6-19,XS-000-2018-06-19-0005,转账,农村商业银行,,1320, , ,1320
预收款,2018-7-5,XS-000-2018-07-05-0005,转账,农村商业银行,,1320, , ,1320
预收款,2018-8-1,XS-000-2018-08-01-0003,转账,农村商业银行,,1320, , ,1320
预收款,2018-8-5,XS-000-2018-08-05-0003,,农村商业银行,,1320, , ,1320
预收款,2018-8-11,XS-000-2018-08-11-0006,转账,农村商业银行,,1050, , ,1050
预收款,2018-9-1,XS-000-2018-09-01-0004,转账,农村商业银行,,1050, , ,1050
预收款,2018-9-4,XS-000-2018-09-04-0008,转账,农村商业银行,,770, , ,770
预收款,2018-9-20,XS-000-2018-09-20-0004,转账,农村商业银行,,1320, , ,1320
预收款,2018-9-28,XS-000-2018-09-28-0001,转账,农村商业银行,,1320, , ,1320
预收款,2018-10-6,XS-000-2018-10-06-0002,转账,农村商业银行,,1320, , ,1320
预收款,2018-11-3,XS-000-2018-11-03-0002,转账,农村商业银行,,1050, , ,1050
预收款,2018-11-10,XS-000-2018-11-10-0002,转账,农村商业银行,,2080, , ,2080
预收款,2018-11-27,XS-000-2018-11-27-0004,转账,农村商业银行,,1320, , ,1320
预收款,2018-11-28,XS-000-2018-11-28-0001,转账,农村商业银行,,1050, , ,1050
预收款,2018-12-1,XS-000-2018-12-01-0004,转账,农村商业银行,,1520, , ,1520
预收款,2018-12-2,XS-000-2018-12-02-0001,转账,农村商业银行,,2100, , ,2100
预收款,2018-12-9,XS-000-2018-12-09-0012,转账,农村商业银行,,3030, , ,3030
预收款,2019-1-17,XS-000-2019-01-17-0005,转账,农村商业银行,,1320, , ,1320
预收款,2019-1-19,XS-000-2019-01-19-0003,转账,农村商业银行,,1520, , ,1520
,,,,,,,,,
王海梦-鱼洞中干道专卖店-杜贞兰15723344238,,10043,,,,,,,
预收款,2018-5-24,XS-000-2018-05-24-0001,转账,农业银行,,5990, , ,5990
预收款,2018-6-4,XS-000-2018-06-04-0006,转账,农业银行,,860, , ,860
预收款,2018-6-30,XS-000-2018-06-30-0003,转账,农业银行,,10500, , ,10500
预收款,2018-8-26,XS-000-2018-08-26-0005,转账,农业银行,,20000, , ,20000
预收款,2018-9-13,XS-000-2018-09-13-0003,转账,农业银行,,1050, , ,1050
预收款,2018-10-7,XS-000-2018-10-07-0004,转账,农业银行,,660, , ,660
预收款,2018-10-10,XS-000-2018-10-10-0001,转账,农业银行,,10500, , ,10500
预收款,2018-10-17,XS-000-2018-10-17-0002,转账,农业银行,,660, , ,660
预收款,2018-10-22,XS-000-2018-10-22-0001,转账,农业银行,,1000, , ,1000
预收款,2018-10-30,XS-000-2018-10-30-0003,转账,农业银行,,660, , ,660
预收款,2018-11-9,XS-000-2018-11-09-0002,转账,农业银行,,11550, , ,11550
预收款,2018-11-20,XS-000-2018-11-20-0001,转账,农业银行,,1600, , ,1600
预收款,2018-11-22,XS-000-2018-11-22-0004,转账,农业银行,,1050, , ,1050
预收款,2018-11-23,XS-000-2018-11-23-0002,转账,农业银行,,1750, , ,1750
预收款,2018-12-12,XS-000-2018-12-12-0001,转账,农业银行,,50000, , ,50000
预收款,2019-1-23,XS-000-2019-01-23-0017,转账,农业银行,,24400, , ,24400
,,,,,,,,,
王海梦-界石曙光工业园-赵相虎13808301493,,10044,,,,,,,
预收款,2018-5-24,XS-000-2018-05-24-0002,转账,农村商业银行,,860, , ,860
预收款,2018-7-16,XS-000-2018-07-16-0002,转账,农村商业银行,,3300, , ,3300
预收款,2018-7-17,XS-000-2018-07-17-0003,转账,农村商业银行,,1520, , ,1520
预收款,2018-8-11,XS-000-2018-08-11-0004,转账,农村商业银行,,15494, , ,15494
预收款,2018-9-8,XS-000-2018-09-08-0004,转账,农村商业银行,,3800, , ,3800
预收款,2018-10-8,XS-000-2018-10-08-0004,转账,农村商业银行,,4890, , ,4890
预收款,2018-11-1,XS-000-2018-11-01-0001,转账,农村商业银行,,15800, , ,15800
预收款,2018-11-8,XS-000-2018-11-08-0004,转账,农村商业银行,,2500, , ,2500
预收款,2018-12-5,XS-000-2018-12-05-0009,转账,农村商业银行,,31700, , ,31700
,,,,,,,,,
李锟-长寿美大集成灶-李友林15123610275,,10045,,,,,,,
预收款,2018-6-29,XS-000-2018-06-29-0004,转账,农业银行,,9030, , ,9030
预收款,2018-7-16,XS-000-2018-07-16-0005,转账,农业银行,,880, , ,880
预收款,2018-9-5,XS-000-2018-09-05-0001,转账,农业银行,,1190, , ,1190
预收款,2018-9-10,XS-000-2018-09-10-0002,转账,农业银行,,11380, , ,11380
预收款,2018-10-5,XS-000-2018-10-05-0001,转账,农业银行,,3860, , ,3860
预收款,2018-10-8,XS-000-2018-10-08-0002,转账,农业银行,,3500, , ,3500
预收款,2018-10-27,XS-000-2018-10-27-0002,转账,农业银行,,2100, , ,2100
预收款,2018-11-8,XS-000-2018-11-08-0003,转账,农业银行,,2100, , ,2100
预收款,2018-11-21,XS-000-2018-11-21-0006,转账,农业银行,,2200, , ,2200
预收款,2018-12-30,XS-000-2018-12-30-0004,转账,农业银行,,10500, , ,10500
,,,,,,,,,
万家乐总部茶园分库,,10046,,,,,,,
预收款,2018-5-25,XS-000-2018-05-25-0001,转账,农业银行,,1200, , ,1200
预收款,2018-7-5,XS-000-2018-07-05-0002,转账,农业银行,,6560, , ,6560
,,,,,,,,,
王海梦-大足零售,,10047,,,,,,,
预收款,2018-5-27,XS-000-2018-05-27-0005,转账,农村商业银行,,1200, , ,1200
预收款,2018-6-24,XS-000-2018-06-24-0003,转账,农业银行,,1200, , ,1200
预收款,2018-7-16,XS-000-2018-07-16-0003,转账,农业银行,,1100, , ,1100
,,,,,,,,,
王海梦-大足龙水-伍敏15823806199,,10048,,,,,,,
预收款,2018-6-30,XS-000-2018-06-30-0014,转账,农村商业银行,,59999, , ,59999
预收款,2018-12-7,XS-000-2018-12-07-0004,转账,农村商业银行,,8826, , ,8826
预收款,2018-12-16,XS-000-2018-12-16-0004,转账,农村商业银行,,750, , ,750
,,,,,,,,,
王海梦-主城九区散货,,10049,,,,,,,
预收款,2018-11-11,XS-000-2018-11-11-0001,转账,农业银行,,2300, , ,2300
预收款,2018-11-14,XS-000-2018-11-14-0003,转账,农业银行,,1050, , ,1050
预收款,2018-11-26,XS-000-2018-11-26-0005,转账,农业银行,,780, , ,780
预收款,2018-11-27,XS-000-2018-11-27-0001,转账,农业银行,,1080, , ,1080
预收款,2018-12-2,XS-000-2018-12-02-0002,转账,农业银行,,2390, , ,2390
预收款,2018-12-12,XS-000-2018-12-12-0008,转账,农村商业银行,,18600, , ,18600
预收款,2018-12-17,XS-000-2018-12-17-0006,转账,农业银行,,1750, , ,1750
预收款,2018-12-19,XS-000-2018-12-19-0002,转账,农业银行,,1200, , ,1200
预收款,2018-12-20,XS-000-2018-12-20-0002,转账,农村商业银行,,1200, , ,1200
预收款,2018-12-30,XS-000-2018-12-30-0007,转账,农村商业银行,,5780, , ,5780
预收款,2019-1-6,XS-000-2019-01-06-0004,转账,农村商业银行,,2700, , ,2700
预收款,2019-1-19,XS-000-2019-01-19-0005,转账,农业银行,,5750, , ,5750
预收款,2019-1-24,XS-000-2019-01-24-0003,转账,农业银行,,2300, , ,2300
,,,,,,,,,
王海梦-大足双桥-王波13509427312,,10051,,,,,,,
预收款,2018-6-2,XS-000-2018-06-02-0004,转账,农业银行,,3150, , ,3150
预收款,2018-8-2,XS-000-2018-08-02-0005,转账,农业银行,,770, , ,770
预收款,2018-8-26,XS-000-2018-08-26-0006,转账,农业银行,,10500, , ,10500
预收款,2018-9-29,XS-000-2018-09-29-0004,转账,农业银行,,6750, , ,6750
预收款,2018-12-5,XS-000-2018-12-05-0006,转账,农业银行,,10950, , ,10950
预收款,2018-12-13,XS-000-2018-12-13-0003,转账,农业银行,,900, , ,900
预收款,2019-1-2,XS-000-2019-01-02-0003,转账,农业银行,,4050, , ,4050
预收款,2019-1-8,XS-000-2019-01-08-0003,转账,农业银行,,760, , ,760
,,,,,,,,,
王海梦-白市驿专卖店-李政15213145597,,10052,,,,,,,
预收款,2018-5-29,XS-000-2018-05-29-0003,转账,农村商业银行,,3240, , ,3240
预收款,2018-7-3,XS-000-2018-07-03-0001,转账,农村商业银行,,3500, , ,3500
预收款,2018-8-13,XS-000-2018-08-13-0002,,农村商业银行,,2200, , ,2200
预收款,2018-8-20,XS-000-2018-08-20-0001,转账,农村商业银行,,50000, , ,50000
预收款,2018-9-18,XS-000-2018-09-18-0001,转账,农业银行,,860, , ,860
预收款,2018-10-4,XS-000-2018-10-04-0002,转账,农业银行,,1630, , ,1630
预收款,2018-10-8,XS-000-2018-10-08-0003,转账,农业银行,,400, , ,400
预收款,2018-10-23,XS-000-2018-10-23-0008,转账,农业银行,,1000, , ,1000
预收款,2018-10-28,XS-000-2018-10-28-0002,转账,农业银行,,2380, , ,2380
预收款,2018-11-7,XS-000-2018-11-07-0002,转账,农村商业银行,,7100, , ,7100
预收款,2018-12-5,XS-000-2018-12-05-0001,转账,农业银行,,1430, , ,1430
预收款,2018-12-5,XS-000-2018-12-05-0004,转账,农业银行,,3140, , ,3140
预收款,2018-12-11,XS-000-2018-12-11-0003,,农业银行,,1520, , ,1520
预收款,2018-12-14,XS-000-2018-12-14-0002,转账,农业银行,,4920, , ,4920
预收款,2018-12-31,XS-000-2018-12-31-0005,转账,农村商业银行,,30000, , ,30000
预收款,2019-1-23,XS-000-2019-01-23-0012,转账,农村商业银行,,30000, , ,30000
,,,,,,,,,
王海梦-大足区龙水镇专卖店-赵春13896155668,,10053,,,,,,,
预收款,2018-5-27,XS-000-2018-05-27-0002,转账,农业银行,,4200, , ,4200
预收款,2018-7-9,XS-000-2018-07-09-0007,转账,农业银行,,1900, , ,1900
预收款,2018-8-26,XS-000-2018-08-26-0002,转账,农业银行,,10500, , ,10500
预收款,2018-8-28,XS-000-2018-08-28-0003,转账,农业银行,,760, , ,760
预收款,2018-11-16,XS-000-2018-11-16-0003,转账,农业银行,,10500, , ,10500
预收款,2018-12-26,XS-000-2018-12-26-0001,转账,农业银行,,11220, , ,11220
预收款,2019-1-12,XS-000-2019-01-12-0001,转账,农业银行,,2700, , ,2700
预收款,2019-1-18,XS-000-2019-01-18-0001,转账,农业银行,,1520, , ,1520
预收款,2019-1-24,XS-000-2019-01-24-0008,转账,农业银行,,22500, , ,22500
,,,,,,,,,
李锟-长寿帅邦-黄小波13102369338,,10054,,,,,,,
预收款,2018-7-8,XS-000-2018-07-08-0003,转账,农业银行,,1960, , ,1960
预收款,2018-8-13,XS-000-2018-08-13-0005,转账,农村商业银行,,19680, , ,19680
预收款,2018-12-2,XS-000-2018-12-02-0009,转账,农村商业银行,,2740, , ,2740
预收款,2018-12-21,XS-000-2018-12-21-0004,转账,农村商业银行,,16400, , ,16400
预收款,2019-1-17,XS-000-2019-01-17-0004,转账,农村商业银行,,4750, , ,4750
,,,,,,,,,
王海梦-长生桥专卖店-张期文13696471299,,10055,,,,,,,
预收款,2018-6-2,XS-000-2018-06-02-0002,转账,农业银行,,3600, , ,3600
预收款,2018-8-26,XS-000-2018-08-26-0004,转账,农业银行,,50000, , ,50000
预收款,2018-11-4,XS-000-2018-11-04-0004,转账,农业银行,,1000, , ,1000
预收款,2019-1-19,XS-000-2019-01-19-0002,转账,农业银行,,33000, , ,33000
,,,,,,,,,
李锟-黔江贰金商贸-王国军18680996278,,10057,,,,,,,
预收款,2018-6-6,XS-000-2018-06-06-0001,转账,三峡银行,,2480, , ,2480
预收款,2018-6-16,XS-000-2018-06-16-0002,转账,三峡银行,,3300, , ,3300
预收款,2018-8-12,XS-000-2018-08-12-0008,转账,三峡银行,,3800, , ,3800
预收款,2018-8-18,XS-000-2018-08-18-0001,,三峡银行,,4840, , ,4840
预收款,2018-8-27,XS-000-2018-08-27-0001,转账,三峡银行,,1250, , ,1250
预收款,2018-8-31,XS-000-2018-08-31-0004,转账,三峡银行,,2640, , ,2640
预收款,2018-9-7,XS-000-2018-09-07-0002,转账,三峡银行,,2640, , ,2640
,,,,,,,,,
李锟-綦江龙角路名气厨卫-冯丽15223208278,,10058,,,,,,,
预收款,2018-7-12,XS-000-2018-07-12-0005,转账,农村商业银行,,3260, , ,3260
预收款,2018-7-29,XS-000-2018-07-29-0001,转账,农业银行,,980, , ,980
预收款,2018-8-12,XS-000-2018-08-12-0013,转账,农村商业银行,,11820, , ,11820
预收款,2018-11-6,XS-000-2018-11-06-0003,转账,农村商业银行,,643.6, , ,643.6
预收款,2018-11-28,XS-000-2018-11-28-0002,转账,农村商业银行,,1320, , ,1320
,,,,,,,,,
王海梦-大足-陈莉13983273966,,10059,,,,,,,
预收款,2018-6-7,XS-000-2018-06-07-0002,转账,农业银行,,12200, , ,12200
预收款,2018-6-26,XS-000-2018-06-26-0002,转账,农业银行,,10500, , ,10500
预收款,2018-8-21,XS-000-2018-08-21-0001,转账,农业银行,,18400, , ,18400
预收款,2018-11-21,XS-000-2018-11-21-0007,转账,农业银行,,3300, , ,3300
,,,,,,,,,
李锟-长寿火星人集成灶-余姐13320375696,,10061,,,,,,,
预收款,2018-6-30,XS-000-2018-06-30-0007,转账,农业银行,,200, , ,200
,,,,,,,,,
李锟-涪陵荣事达厨卫-梁永刚13638228227,,10062,,,,,,,
预收款,2018-6-30,XS-000-2018-06-30-0015,转账,农业银行,,5320, , ,5320
预收款,2018-7-12,XS-000-2018-07-12-0004,转账,农业银行,,1190, , ,1190
预收款,2018-11-23,XS-000-2018-11-23-0004,转账,农业银行,,1350, , ,1350
预收款,2018-11-27,XS-000-2018-11-27-0005,转账,农业银行,,880, , ,880
预收款,2019-1-24,XS-000-2019-01-24-0005,转账,农业银行,,1850, , ,1850
,,,,,,,,,
李锟-綦江九龙大道帅康厨卫-胡小松15823568881,,10063,,,,,,,
预收款,2018-7-13,XS-000-2018-07-13-0001,转账,农业银行,,1190, , ,1190
预收款,2018-7-23,XS-000-2018-07-23-0002,转账,农业银行,,980, , ,980
预收款,2018-7-30,XS-000-2018-07-30-0006,转账,农业银行,,1190, , ,1190
预收款,2018-8-26,XS-000-2018-08-26-0008,转账,农业银行,,2580, , ,2580
预收款,2018-9-27,XS-000-2018-09-27-0007,转账,农业银行,,2940, , ,2940
预收款,2018-10-15,XS-000-2018-10-15-0003,转账,农业银行,,1290, , ,1290
预收款,2018-11-13,XS-000-2018-11-13-0003,转账,农村商业银行,,1190, , ,1190
预收款,2018-11-21,XS-000-2018-11-21-0002,转账,农业银行,,1240, , ,1240
预收款,2018-11-25,XS-000-2018-11-25-0001,转账,农业银行,,1190, , ,1190
预收款,2018-12-7,XS-000-2018-12-07-0007,转账,农业银行,,6420, , ,6420
预收款,2018-12-9,XS-000-2018-12-09-0001,转账,农业银行,,9990, , ,9990
,,,,,,,,,
李锟-铜梁美大集成灶-杨光明18723465705,,10064,,,,,,,
预收款,2018-7-15,XS-000-2018-07-15-0002,转账,农村商业银行,,11170, , ,11170
预收款,2018-9-20,XS-000-2018-09-20-0002,转账,农村商业银行,,5240, , ,5240
预收款,2018-10-18,XS-000-2018-10-18-0005,转账,农村商业银行,,1240, , ,1240
预收款,2018-11-12,XS-000-2018-11-12-0003,转账,农村商业银行,,2150, , ,2150
,,,,,,,,,
商渠及其他客户,,10065,,,,,,,
预收款,2018-7-24,XS-000-2018-07-24-0008,转账,农业银行,,5540, , ,5540
预收款,2018-8-1,XS-000-2018-08-01-0004,转账,农村商业银行,,1480, , ,1480
预收款,2018-8-20,XS-000-2018-08-20-0007,转账,三峡银行,,3550, , ,3550
预收款,2018-9-4,XS-000-2018-09-04-0002,转账,农业银行,,2900, , ,2900
预收款,2018-9-20,XS-000-2018-09-20-0006,转账,农业银行,,15600, , ,15600
预收款,2018-10-11,XS-000-2018-10-11-0005,转账,农村商业银行,,1500, , ,1500
预收款,2018-10-14,XS-000-2018-10-14-0002,转账,农业银行,,3180, , ,3180
预收款,2018-10-23,XS-000-2018-10-23-0011,转账,农村商业银行,,925, , ,925
预收款,2018-10-27,XS-000-2018-10-27-0001,转账,农村商业银行,,2548, , ,2548
预收款,2018-10-29,XS-000-2018-10-29-0005,转账,农村商业银行,,495, , ,495
预收款,2018-10-31,XS-000-2018-10-31-0003,转账,农村商业银行,,30, , ,30
预收款,2018-10-31,XS-000-2018-10-31-0004,转账,农村商业银行,,32, , ,32
预收款,2018-11-26,XS-000-2018-11-26-0001,转账,农业银行,,1050, , ,1050
预收款,2018-12-22,XS-000-2018-12-22-0004,转账,农村商业银行,,4600, , ,4600
预收款,2018-12-25,XS-000-2018-12-25-0005,转账,农村商业银行,,10498, , ,10498
预收款,2019-1-3,XS-000-2019-01-03-0002,转账,农村商业银行,,9599, , ,9599
预收款,2019-1-8,XS-000-2019-01-08-0004,转账,农村商业银行,,2749, , ,2749
预收款,2019-1-12,XS-000-2019-01-12-0002,转账,三峡银行,,5380, , ,5380
预收款,2019-1-13,XS-000-2019-01-13-0004,转账,农业银行,,830, , ,830
预收款,2019-1-14,XS-000-2019-01-14-0005,转账,农业银行,,1050, , ,1050
预收款,2019-1-14,XS-000-2019-01-14-0006,转账,农村商业银行,,5300, , ,5300
,,,,,,,,,
李锟-铜梁柳朋-15923286764,,10066,,,,,,,
预收款,2018-7-30,XS-000-2018-07-30-0003,转账,农业银行,,100000, , ,100000
预收款,2018-8-12,XS-000-2018-08-12-0007,转账,农业银行,,30000, , ,30000
预收款,2018-8-28,XS-000-2018-08-28-0001,转账,农业银行,,30000, , ,30000
预收款,2018-10-20,XS-000-2018-10-20-0004,转账,农业银行,,1000, , ,1000
预收款,2018-11-4,XS-000-2018-11-04-0002,转账,农业银行,,760, , ,760
预收款,2018-11-12,XS-000-2018-11-12-0008,转账,农业银行,,370, , ,370
预收款,2018-11-16,XS-000-2018-11-16-0002,转账,农业银行,,550, , ,550
预收款,2018-11-22,XS-000-2018-11-22-0003,转账,农业银行,,740, , ,740
预收款,2018-11-26,XS-000-2018-11-26-0004,转账,农业银行,,990, , ,990
预收款,2018-12-2,XS-000-2018-12-02-0005,转账,农业银行,,8940, , ,8940
预收款,2018-12-5,XS-000-2018-12-05-0003,转账,农业银行,,14130, , ,14130
预收款,2018-12-7,XS-000-2018-12-07-0001,转账,农业银行,,4800, , ,4800
预收款,2018-12-15,XS-000-2018-12-15-0003,转账,农业银行,,700, , ,700
预收款,2018-12-17,XS-000-2018-12-17-0003,转账,农业银行,,5400, , ,5400
预收款,2018-12-21,XS-000-2018-12-21-0003,转账,农业银行,,1920, , ,1920
预收款,2018-12-23,XS-000-2018-12-23-0003,转账,农业银行,,17850, , ,17850
预收款,2018-12-28,XS-000-2018-12-28-0002,转账,农业银行,,29750, , ,29750
,,,,,,,,,
李锟-丰都高仕林-18581407666,,10067,,,,,,,
预收款,2018-8-7,XS-000-2018-08-07-0002,转账,农业银行,,7720, , ,7720
预收款,2018-8-11,XS-000-2018-08-11-0002,转账,农业银行,,1960, , ,1960
预收款,2018-8-28,XS-000-2018-08-28-0002,转账,农业银行,,1960, , ,1960
预收款,2018-9-13,XS-000-2018-09-13-0002,转账,农业银行,,1750, , ,1750
预收款,2018-9-19,XS-000-2018-09-19-0003,转账,农业银行,,2940, , ,2940
预收款,2018-10-24,XS-000-2018-10-24-0006,转账,农业银行,,1000, , ,1000
预收款,2018-10-25,XS-000-2018-10-25-0003,转账,农业银行,,3800, , ,3800
预收款,2018-10-28,XS-000-2018-10-28-0004,转账,农业银行,,23200, , ,23200
预收款,2018-12-6,XS-000-2018-12-06-0002,转账,农业银行,,900, , ,900
预收款,2018-12-7,XS-000-2018-12-07-0003,转账,农业银行,,200, , ,200
预收款,2018-12-10,XS-000-2018-12-10-0003,转账,农业银行,,11460, , ,11460
预收款,2018-12-31,XS-000-2018-12-31-0004,转账,农业银行,,10800, , ,10800
预收款,2019-1-14,XS-000-2019-01-14-0004,转账,农业银行,,1750, , ,1750
,,,,,,,,,
王海梦-大足龙腾建材市场专卖店-刘平18290408883,,10068,,,,,,,
预收款,2018-8-14,XS-000-2018-08-14-0001,转账,农业银行,,10000, , ,10000
预收款,2018-8-14,XS-000-2018-08-14-0005,转账,农业银行,,30000, , ,30000
预收款,2018-9-15,XS-000-2018-09-15-0001,转账,农业银行,,30000, , ,30000
预收款,2018-9-30,XS-000-2018-09-30-0004,转账,农业银行,,10000, , ,10000
预收款,2018-10-5,XS-000-2018-10-05-0003,转账,农业银行,,50000, , ,50000
预收款,2018-12-5,XS-000-2018-12-05-0005,转账,农业银行,,5000, , ,5000
预收款,2018-12-30,XS-000-2018-12-30-0006,转账,农业银行,,5000, , ,5000
预收款,2019-1-16,XS-000-2019-01-16-0005,转账,农业银行,,6000, , ,6000
预收款,2019-1-17,XS-000-2019-01-17-0003,转账,农业银行,,20000, , ,20000
预收款,2019-1-23,XS-000-2019-01-23-0019,转账,农村商业银行,,44380, , ,44380
预收款,2019-1-24,XS-000-2019-01-24-0006,转账,农村商业银行,,100, , ,100
,,,,,,,,,
王海梦-大足万古-欧丽梅13308326062,,10069,,,,,,,
预收款,2018-8-14,XS-000-2018-08-14-0002,转账,农村商业银行,,30000, , ,30000
预收款,2018-12-4,XS-000-2018-12-04-0006,转账,农村商业银行,,2200, , ,2200
预收款,2019-1-24,XS-000-2019-01-24-0004,转账,农村商业银行,,6360, , ,6360
,,,,,,,,,
李锟-潼南-刘晓飞13983654568,,10070,,,,,,,
预收款,2018-9-6,XS-000-2018-09-06-0001,转账,农村商业银行,,50000, , ,50000
,,,,,,,,,
李锟-达州-余杰15182832850,,10071,,,,,,,
预收款,2018-9-11,XS-000-2018-09-11-0003,转账,农业银行,,1600, , ,1600
预收款,2018-9-12,XS-000-2018-09-12-0001,转账,农业银行,,1000, , ,1000
预收款,2018-10-15,XS-000-2018-10-15-0001,转账,农业银行,,3780, , ,3780
预收款,2018-10-23,XS-000-2018-10-23-0004,转账,农业银行,,3650, , ,3650
,,,,,,,,,
王海梦-荣昌零售,,10072,,,,,,,
预收款,2018-9-13,XS-000-2018-09-13-0005,转账,农业银行,,1200, , ,1200
预收款,2018-10-16,XS-000-2018-10-16-0005,转账,农业银行,,1250, , ,1250
预收款,2018-12-13,XS-000-2018-12-13-0004,转账,农业银行,,1200, , ,1200
预收款,2018-12-23,XS-000-2018-12-23-0002,转账,农业银行,,1100, , ,1100
预收款,2019-1-6,XS-000-2019-01-06-0003,转账,农村商业银行,,2300, , ,2300
,,,,,,,,,
李锟-黔江-白江13308272849,,10073,,,,,,,
预收款,2018-9-15,XS-000-2018-09-15-0003,转账,农业银行,,2100, , ,2100
预收款,2018-9-30,XS-000-2018-09-30-0007,转账,农村商业银行,,100000, , ,100000
预收款,2018-12-1,XS-000-2018-12-01-0006,转账,农村商业银行,,880, , ,880
预收款,2018-12-3,XS-000-2018-12-03-0001,转账,农村商业银行,,1350, , ,1350
预收款,2018-12-5,XS-000-2018-12-05-0007,转账,农村商业银行,,40000, , ,40000
预收款,2018-12-31,XS-000-2018-12-31-0002,转账,农村商业银行,,14000, , ,14000
预收款,2019-1-17,XS-000-2019-01-17-0006,转账,农村商业银行,,12000, , ,12000
预收款,2019-1-23,XS-000-2019-01-23-0018,转账,农村商业银行,,1200, , ,1200
,,,,,,,,,
李锟-南川县城专卖店-杨淳之13609463539,,10074,,,,,,,
预收款,2018-9-27,XS-000-2018-09-27-0003,转账,农业银行,,50000, , ,50000
预收款,2018-11-3,XS-000-2018-11-03-0001,转账,农业银行,,1000, , ,1000
预收款,2018-11-29,XS-000-2018-11-29-0004,转账,农业银行,,9500, , ,9500
,,,,,,,,,
李锟-涪陵马鞍镇专柜-刘成江13996771478,,10075,,,,,,,
预收款,2018-9-27,XS-000-2018-09-27-0005,转账,农村商业银行,,20000, , ,20000
预收款,2018-10-4,XS-000-2018-10-04-0001,转账,农村商业银行,,30000, , ,30000
预收款,2019-1-23,XS-000-2019-01-23-0005,转账,农村商业银行,,4750, , ,4750
,,,,,,,,,
李锟-綦江兄弟建材-蔡姐15310159262,,10077,,,,,,,
预收款,2018-10-5,XS-000-2018-10-05-0002,转账,农业银行,,1750, , ,1750
,,,,,,,,,
王海梦-荣昌吴家-蒋哥13635487670,,10078,,,,,,,
预收款,2018-10-25,XS-000-2018-10-25-0004,转账,农业银行,,16348, , ,16348
预收款,2018-11-22,XS-000-2018-11-22-0008,转账,农业银行,,445, , ,445
预收款,2018-12-16,XS-000-2018-12-16-0002,转账,农业银行,,1050, , ,1050
预收款,2018-12-24,XS-000-2018-12-24-0005,转账,农业银行,,1050, , ,1050
,,,,,,,,,
未知客户,,10079,,,,,,,
预收款,2018-6-25,XS-000-2018-06-25-0003,转账,农业银行,,10200, , ,10200
预收款,2018-7-9,XS-000-2018-07-09-0008,转账,三峡银行,,740, , ,740
预收款,2018-7-12,XS-000-2018-07-12-0006,转账,农业银行,,5400, , ,5400
预收款,2018-7-22,XS-000-2018-07-22-0005,转账,农业银行,,600, , ,600
预收款,2018-7-24,XS-000-2018-07-24-0009,转账,农业银行,,4379, , ,4379
预收款,2018-8-15,XS-000-2018-08-15-0002,转账,农业银行,,1050, , ,1050
预收款,2018-8-17,XS-000-2018-08-17-0004,转账,农业银行,,1432, , ,1432
预收款,2018-9-19,XS-000-2018-09-19-0004,转账,三峡银行,,2096, , ,2096
预收款,2018-9-19,XS-000-2018-09-19-0005,转账,农村商业银行,,1450, , ,1450
预收款,2018-9-25,XS-000-2018-09-25-0007,转账,农业银行,,1430, , ,1430
预收款,2018-9-26,XS-000-2018-09-26-0002,转账,农业银行,,1200, , ,1200
预收款,2018-9-26,XS-000-2018-09-26-0003,转账,农业银行,,3222, , ,3222
预收款,2018-11-9,XS-000-2018-11-09-0005,转账,农业银行,,6560, , ,6560
预收款,2018-11-13,XS-000-2018-11-13-0001,转账,农村商业银行,,1450, , ,1450
,,,,,,,,,
李锟-武隆徐开福15736571888,,10080,,,,,,,
预收款,2018-11-12,XS-000-2018-11-12-0009,转账,农业银行,,36550, , ,36550
预收款,2018-12-2,XS-000-2018-12-02-0004,转账,农业银行,,1100, , ,1100
预收款,2018-12-30,XS-000-2018-12-30-0003,转账,农业银行,,16300, , ,16300
预收款,2019-1-16,XS-000-2019-01-16-0001,转账,农业银行,,44500, , ,44500
,,,,,,,,,
李锟-南川火星人陈忠祥13368044900,,10081,,,,,,,
预收款,2018-12-9,XS-000-2018-12-09-0005,转账,农村商业银行,,26280, , ,26280
,,,,,,,,,
李锟-南川-张显红13896616619,,10082,,,,,,,
预收款,2018-12-18,XS-000-2018-12-18-0009,转账,农村商业银行,,30000, , ,30000
预收款,2018-12-23,XS-000-2018-12-23-0005,转账,农村商业银行,,70000, , ,70000
,,,,,,,,,
李锟-散货,,10083,,,,,,,
预收款,2018-12-25,XS-000-2018-12-25-0001,转账,农业银行,,3280, , ,3280
预收款,2018-12-29,XS-000-2018-12-29-0001,转账,农业银行,,2300, , ,2300
预收款,2019-1-9,XS-000-2019-01-09-0001,转账,农业银行,,3880, , ,3880
预收款,2019-1-20,XS-000-2019-01-20-0001,转账,农业银行,,1800, , ,1800
预收款,2019-1-24,XS-000-2019-01-24-0010,转账,农村商业银行,,4050, , ,4050
,,,,,,,,,
李锟-石柱秦庭会18996922419,,10085,,,,,,,
预收款,2019-1-24,XS-000-2019-01-24-0011,转账,农村商业银行,,32000, , ,32000
,,,,,,,,,
合 计,,,,,,8068935.6, , ,8068935.6
操作员:陈璐,,打印日期:2019-01-24,,,,,,,
